file,line,type,commit,author,date,time,timezone,datetime,depth,length
style.css,1,css,3cc00c33,alexfrederick1,2025-01-18,21:53:11,-08:00,2025-01-18T21:53:11-08:00,0,5
style.css,2,css,ab483f72,alexfrederick1,2025-02-07,23:36:46,-08:00,2025-02-07T23:36:46-08:00,0,34
style.css,3,css,ab483f72,alexfrederick1,2025-02-07,23:36:46,-08:00,2025-02-07T23:36:46-08:00,0,15
style.css,4,css,ab483f72,alexfrederick1,2025-02-07,23:36:46,-08:00,2025-02-07T23:36:46-08:00,0,16
style.css,5,css,ab483f72,alexfrederick1,2025-02-07,23:36:46,-08:00,2025-02-07T23:36:46-08:00,0,16
style.css,6,css,3cc00c33,alexfrederick1,2025-01-18,21:53:11,-08:00,2025-01-18T21:53:11-08:00,0,19
style.css,7,css,ab483f72,alexfrederick1,2025-02-07,23:36:46,-08:00,2025-02-07T23:36:46-08:00,0,13
style.css,8,css,3cc00c33,alexfrederick1,2025-01-18,21:53:11,-08:00,2025-01-18T21:53:11-08:00,0,0
style.css,9,css,3cc00c33,alexfrederick1,2025-01-18,21:53:11,-08:00,2025-01-18T21:53:11-08:00,0,0
style.css,10,css,3cc00c33,alexfrederick1,2025-01-18,21:53:11,-08:00,2025-01-18T21:53:11-08:00,0,4
style.css,11,css,3cc00c33,alexfrederick1,2025-01-18,21:53:11,-08:00,2025-01-18T21:53:11-08:00,0,13
style.css,12,css,ab483f72,alexfrederick1,2025-02-07,23:36:46,-08:00,2025-02-07T23:36:46-08:00,0,18
style.css,13,css,ab483f72,alexfrederick1,2025-02-07,23:36:46,-08:00,2025-02-07T23:36:46-08:00,0,42
style.css,14,css,3cc00c33,alexfrederick1,2025-01-18,21:53:11,-08:00,2025-01-18T21:53:11-08:00,0,0
style.css,15,css,3cc00c33,alexfrederick1,2025-01-18,21:53:11,-08:00,2025-01-18T21:53:11-08:00,0,0
style.css,16,css,3cc00c33,alexfrederick1,2025-01-18,21:53:11,-08:00,2025-01-18T21:53:11-08:00,0,6
style.css,17,css,3cc00c33,alexfrederick1,2025-01-18,21:53:11,-08:00,2025-01-18T21:53:11-08:00,0,7
style.css,18,css,3cc00c33,alexfrederick1,2025-01-18,21:53:11,-08:00,2025-01-18T21:53:11-08:00,0,21
style.css,19,css,3cc00c33,alexfrederick1,2025-01-18,21:53:11,-08:00,2025-01-18T21:53:11-08:00,0,14
style.css,20,css,3cc00c33,alexfrederick1,2025-01-18,21:53:11,-08:00,2025-01-18T21:53:11-08:00,0,18
style.css,21,css,3cc00c33,alexfrederick1,2025-01-18,21:53:11,-08:00,2025-01-18T21:53:11-08:00,0,14
style.css,22,css,3cc00c33,alexfrederick1,2025-01-18,21:53:11,-08:00,2025-01-18T21:53:11-08:00,0,0
style.css,23,css,3cc00c33,alexfrederick1,2025-01-18,21:53:11,-08:00,2025-01-18T21:53:11-08:00,0,0
style.css,24,css,ab483f72,alexfrederick1,2025-02-07,23:36:46,-08:00,2025-02-07T23:36:46-08:00,0,14
style.css,25,css,ab483f72,alexfrederick1,2025-02-07,23:36:46,-08:00,2025-02-07T23:36:46-08:00,0,44
style.css,26,css,ab483f72,alexfrederick1,2025-02-07,23:36:46,-08:00,2025-02-07T23:36:46-08:00,0,21
style.css,27,css,3cc00c33,alexfrederick1,2025-01-18,21:53:11,-08:00,2025-01-18T21:53:11-08:00,0,0
style.css,28,css,3cc00c33,alexfrederick1,2025-01-18,21:53:11,-08:00,2025-01-18T21:53:11-08:00,0,0
style.css,29,css,ab483f72,alexfrederick1,2025-02-07,23:36:46,-08:00,2025-02-07T23:36:46-08:00,0,6
style.css,30,css,ab483f72,alexfrederick1,2025-02-07,23:36:46,-08:00,2025-02-07T23:36:46-08:00,0,31
style.css,31,css,3cc00c33,alexfrederick1,2025-01-18,21:53:11,-08:00,2025-01-18T21:53:11-08:00,0,0
style.css,32,css,3cc00c33,alexfrederick1,2025-01-18,21:53:11,-08:00,2025-01-18T21:53:11-08:00,0,0
style.css,33,css,ab483f72,alexfrederick1,2025-02-07,23:36:46,-08:00,2025-02-07T23:36:46-08:00,0,5
style.css,34,css,ab483f72,alexfrederick1,2025-02-07,23:36:46,-08:00,2025-02-07T23:36:46-08:00,0,33
style.css,35,css,3cc00c33,alexfrederick1,2025-01-18,21:53:11,-08:00,2025-01-18T21:53:11-08:00,0,0
style.css,36,css,3cc00c33,alexfrederick1,2025-01-18,21:53:11,-08:00,2025-01-18T21:53:11-08:00,0,0
style.css,37,css,ab483f72,alexfrederick1,2025-02-07,23:36:46,-08:00,2025-02-07T23:36:46-08:00,0,12
style.css,38,css,ab483f72,alexfrederick1,2025-02-07,23:36:46,-08:00,2025-02-07T23:36:46-08:00,0,46
style.css,39,css,ab483f72,alexfrederick1,2025-02-07,23:36:46,-08:00,2025-02-07T23:36:46-08:00,0,21
style.css,40,css,3cc00c33,alexfrederick1,2025-01-18,21:53:11,-08:00,2025-01-18T21:53:11-08:00,0,0
style.css,41,css,3cc00c33,alexfrederick1,2025-01-18,21:53:11,-08:00,2025-01-18T21:53:11-08:00,0,0
style.css,42,css,ab483f72,alexfrederick1,2025-02-07,23:36:46,-08:00,2025-02-07T23:36:46-08:00,0,5
style.css,43,css,ab483f72,alexfrederick1,2025-02-07,23:36:46,-08:00,2025-02-07T23:36:46-08:00,0,13
style.css,44,css,ab483f72,alexfrederick1,2025-02-07,23:36:46,-08:00,2025-02-07T23:36:46-08:00,0,31
style.css,45,css,ab483f72,alexfrederick1,2025-02-07,23:36:46,-08:00,2025-02-07T23:36:46-08:00,0,8
style.css,46,css,3cc00c33,alexfrederick1,2025-01-18,21:53:11,-08:00,2025-01-18T21:53:11-08:00,0,0
style.css,47,css,3cc00c33,alexfrederick1,2025-01-18,21:53:11,-08:00,2025-01-18T21:53:11-08:00,0,0
style.css,48,css,ab483f72,alexfrederick1,2025-02-07,23:36:46,-08:00,2025-02-07T23:36:46-08:00,0,11
style.css,49,css,ab483f72,alexfrederick1,2025-02-07,23:36:46,-08:00,2025-02-07T23:36:46-08:00,0,13
style.css,50,css,ab483f72,alexfrederick1,2025-02-07,23:36:46,-08:00,2025-02-07T23:36:46-08:00,0,30
style.css,51,css,ab483f72,alexfrederick1,2025-02-07,23:36:46,-08:00,2025-02-07T23:36:46-08:00,0,19
style.css,52,css,3cc00c33,alexfrederick1,2025-01-18,21:53:11,-08:00,2025-01-18T21:53:11-08:00,0,0
style.css,53,css,3cc00c33,alexfrederick1,2025-01-18,21:53:11,-08:00,2025-01-18T21:53:11-08:00,0,0
style.css,54,css,ab483f72,alexfrederick1,2025-02-07,23:36:46,-08:00,2025-02-07T23:36:46-08:00,0,39
style.css,55,css,ab483f72,alexfrederick1,2025-02-07,23:36:46,-08:00,2025-02-07T23:36:46-08:00,0,13
style.css,56,css,3cc00c33,alexfrederick1,2025-01-18,21:53:11,-08:00,2025-01-18T21:53:11-08:00,0,0
style.css,57,css,3cc00c33,alexfrederick1,2025-01-18,21:53:11,-08:00,2025-01-18T21:53:11-08:00,0,0
style.css,58,css,ab483f72,alexfrederick1,2025-02-07,23:36:46,-08:00,2025-02-07T23:36:46-08:00,0,26
style.css,59,css,ab483f72,alexfrederick1,2025-02-07,23:36:46,-08:00,2025-02-07T23:36:46-08:00,0,17
style.css,60,css,3cc00c33,alexfrederick1,2025-01-18,21:53:11,-08:00,2025-01-18T21:53:11-08:00,0,0
style.css,61,css,3cc00c33,alexfrederick1,2025-01-18,21:53:11,-08:00,2025-01-18T21:53:11-08:00,0,0
style.css,62,css,ab483f72,alexfrederick1,2025-02-07,23:36:46,-08:00,2025-02-07T23:36:46-08:00,0,12
style.css,63,css,ab483f72,alexfrederick1,2025-02-07,23:36:46,-08:00,2025-02-07T23:36:46-08:00,0,12
style.css,64,css,ab483f72,alexfrederick1,2025-02-07,23:36:46,-08:00,2025-02-07T23:36:46-08:00,0,25
style.css,65,css,ab483f72,alexfrederick1,2025-02-07,23:36:46,-08:00,2025-02-07T23:36:46-08:00,0,12
style.css,66,css,ab483f72,alexfrederick1,2025-02-07,23:36:46,-08:00,2025-02-07T23:36:46-08:00,0,12
style.css,67,css,ab483f72,alexfrederick1,2025-02-07,23:36:46,-08:00,2025-02-07T23:36:46-08:00,0,15
style.css,68,css,ab483f72,alexfrederick1,2025-02-07,23:36:46,-08:00,2025-02-07T23:36:46-08:00,0,38
style.css,69,css,0dbc52e5,alexfrederick1,2025-02-07,23:35:32,-08:00,2025-02-07T23:35:32-08:00,0,0
style.css,70,css,0dbc52e5,alexfrederick1,2025-02-07,23:35:32,-08:00,2025-02-07T23:35:32-08:00,0,0
style.css,71,css,ab483f72,alexfrederick1,2025-02-07,23:36:46,-08:00,2025-02-07T23:36:46-08:00,0,18
style.css,72,css,ab483f72,alexfrederick1,2025-02-07,23:36:46,-08:00,2025-02-07T23:36:46-08:00,0,25
style.css,73,css,3cc00c33,alexfrederick1,2025-01-18,21:53:11,-08:00,2025-01-18T21:53:11-08:00,0,0
style.css,74,css,3cc00c33,alexfrederick1,2025-01-18,21:53:11,-08:00,2025-01-18T21:53:11-08:00,0,0
style.css,75,css,3cc00c33,alexfrederick1,2025-01-18,21:53:11,-08:00,2025-01-18T21:53:11-08:00,0,10
style.css,76,css,3cc00c33,alexfrederick1,2025-01-18,21:53:11,-08:00,2025-01-18T21:53:11-08:00,0,13
style.css,77,css,3cc00c33,alexfrederick1,2025-01-18,21:53:11,-08:00,2025-01-18T21:53:11-08:00,0,59
style.css,78,css,3cc00c33,alexfrederick1,2025-01-18,21:53:11,-08:00,2025-01-18T21:53:11-08:00,0,8
style.css,79,css,ab483f72,alexfrederick1,2025-02-07,23:36:46,-08:00,2025-02-07T23:36:46-08:00,0,15
style.css,80,css,ab483f72,alexfrederick1,2025-02-07,23:36:46,-08:00,2025-02-07T23:36:46-08:00,0,0
style.css,81,css,ab483f72,alexfrederick1,2025-02-07,23:36:46,-08:00,2025-02-07T23:36:46-08:00,0,0
style.css,82,css,ab483f72,alexfrederick1,2025-02-07,23:36:46,-08:00,2025-02-07T23:36:46-08:00,0,18
style.css,83,css,ab483f72,alexfrederick1,2025-02-07,23:36:46,-08:00,2025-02-07T23:36:46-08:00,0,13
style.css,84,css,3cc00c33,alexfrederick1,2025-01-18,21:53:11,-08:00,2025-01-18T21:53:11-08:00,0,27
style.css,85,css,3cc00c33,alexfrederick1,2025-01-18,21:53:11,-08:00,2025-01-18T21:53:11-08:00,0,16
style.css,86,css,ab483f72,alexfrederick1,2025-02-07,23:36:46,-08:00,2025-02-07T23:36:46-08:00,0,8
style.css,87,css,3cc00c33,alexfrederick1,2025-01-18,21:53:11,-08:00,2025-01-18T21:53:11-08:00,0,0
style.css,88,css,3cc00c33,alexfrederick1,2025-01-18,21:53:11,-08:00,2025-01-18T21:53:11-08:00,0,0
style.css,89,css,ab483f72,alexfrederick1,2025-02-07,23:36:46,-08:00,2025-02-07T23:36:46-08:00,0,13
style.css,90,css,3cc00c33,alexfrederick1,2025-01-18,21:53:11,-08:00,2025-01-18T21:53:11-08:00,0,9
style.css,91,css,ab483f72,alexfrederick1,2025-02-07,23:36:46,-08:00,2025-02-07T23:36:46-08:00,0,16
style.css,92,css,3cc00c33,alexfrederick1,2025-01-18,21:53:11,-08:00,2025-01-18T21:53:11-08:00,0,0
style.css,93,css,3cc00c33,alexfrederick1,2025-01-18,21:53:11,-08:00,2025-01-18T21:53:11-08:00,0,0
style.css,94,css,ab483f72,alexfrederick1,2025-02-07,23:36:46,-08:00,2025-02-07T23:36:46-08:00,0,14
style.css,95,css,ab483f72,alexfrederick1,2025-02-07,23:36:46,-08:00,2025-02-07T23:36:46-08:00,0,15
style.css,96,css,ab483f72,alexfrederick1,2025-02-07,23:36:46,-08:00,2025-02-07T23:36:46-08:00,0,12
style.css,97,css,3cc00c33,alexfrederick1,2025-01-18,21:53:11,-08:00,2025-01-18T21:53:11-08:00,0,0
style.css,98,css,3cc00c33,alexfrederick1,2025-01-18,21:53:11,-08:00,2025-01-18T21:53:11-08:00,0,0
style.css,99,css,ab483f72,alexfrederick1,2025-02-07,23:36:46,-08:00,2025-02-07T23:36:46-08:00,0,12
style.css,100,css,ab483f72,alexfrederick1,2025-02-07,23:36:46,-08:00,2025-02-07T23:36:46-08:00,0,17
style.css,101,css,3cc00c33,alexfrederick1,2025-01-18,21:53:11,-08:00,2025-01-18T21:53:11-08:00,0,0
style.css,102,css,3cc00c33,alexfrederick1,2025-01-18,21:53:11,-08:00,2025-01-18T21:53:11-08:00,0,0
style.css,103,css,ab483f72,alexfrederick1,2025-02-07,23:36:46,-08:00,2025-02-07T23:36:46-08:00,0,3
style.css,104,css,ab483f72,alexfrederick1,2025-02-07,23:36:46,-08:00,2025-02-07T23:36:46-08:00,0,14
style.css,105,css,ab483f72,alexfrederick1,2025-02-07,23:36:46,-08:00,2025-02-07T23:36:46-08:00,0,18
style.css,106,css,3cc00c33,alexfrederick1,2025-01-18,21:53:11,-08:00,2025-01-18T21:53:11-08:00,0,0
style.css,107,css,3cc00c33,alexfrederick1,2025-01-18,21:53:11,-08:00,2025-01-18T21:53:11-08:00,0,0
style.css,108,css,ab483f72,alexfrederick1,2025-02-07,23:36:46,-08:00,2025-02-07T23:36:46-08:00,0,3
style.css,109,css,ab483f72,alexfrederick1,2025-02-07,23:36:46,-08:00,2025-02-07T23:36:46-08:00,0,16
style.css,110,css,3cc00c33,alexfrederick1,2025-01-18,21:53:11,-08:00,2025-01-18T21:53:11-08:00,0,0
style.css,111,css,3cc00c33,alexfrederick1,2025-01-18,21:53:11,-08:00,2025-01-18T21:53:11-08:00,0,0
style.css,112,css,ab483f72,alexfrederick1,2025-02-07,23:36:46,-08:00,2025-02-07T23:36:46-08:00,0,23
style.css,113,css,ab483f72,alexfrederick1,2025-02-07,23:36:46,-08:00,2025-02-07T23:36:46-08:00,0,16
style.css,114,css,ab483f72,alexfrederick1,2025-02-07,23:36:46,-08:00,2025-02-07T23:36:46-08:00,0,21
style.css,115,css,c3945fff,alexfrederick1,2025-01-25,19:51:09,-08:00,2025-01-25T19:51:09-08:00,0,0
style.css,116,css,c3945fff,alexfrederick1,2025-01-25,19:51:09,-08:00,2025-01-25T19:51:09-08:00,0,0
style.css,117,css,ab483f72,alexfrederick1,2025-02-07,23:36:46,-08:00,2025-02-07T23:36:46-08:00,0,5
style.css,118,css,ab483f72,alexfrederick1,2025-02-07,23:36:46,-08:00,2025-02-07T23:36:46-08:00,0,24
style.css,119,css,c3945fff,alexfrederick1,2025-01-25,19:51:09,-08:00,2025-01-25T19:51:09-08:00,0,0
style.css,120,css,c3945fff,alexfrederick1,2025-01-25,19:51:09,-08:00,2025-01-25T19:51:09-08:00,0,0
style.css,121,css,ab483f72,alexfrederick1,2025-02-07,23:36:46,-08:00,2025-02-07T23:36:46-08:00,0,4
style.css,122,css,ab483f72,alexfrederick1,2025-02-07,23:36:46,-08:00,2025-02-07T23:36:46-08:00,0,40
style.css,123,css,c3945fff,alexfrederick1,2025-01-25,19:51:09,-08:00,2025-01-25T19:51:09-08:00,0,0
style.css,124,css,c3945fff,alexfrederick1,2025-01-25,19:51:09,-08:00,2025-01-25T19:51:09-08:00,0,0
style.css,125,css,ab483f72,alexfrederick1,2025-02-07,23:36:46,-08:00,2025-02-07T23:36:46-08:00,0,6
style.css,126,css,ab483f72,alexfrederick1,2025-02-07,23:36:46,-08:00,2025-02-07T23:36:46-08:00,0,40
style.css,127,css,c3945fff,alexfrederick1,2025-01-25,19:51:09,-08:00,2025-01-25T19:51:09-08:00,0,0
style.css,128,css,c3945fff,alexfrederick1,2025-01-25,19:51:09,-08:00,2025-01-25T19:51:09-08:00,0,0
style.css,129,css,ab483f72,alexfrederick1,2025-02-07,23:36:46,-08:00,2025-02-07T23:36:46-08:00,0,0
style.css,130,css,ab483f72,alexfrederick1,2025-02-07,23:36:46,-08:00,2025-02-07T23:36:46-08:00,0,12
style.css,131,css,ab483f72,alexfrederick1,2025-02-07,23:36:46,-08:00,2025-02-07T23:36:46-08:00,0,70
style.css,132,css,0dbc52e5,alexfrederick1,2025-02-07,23:35:32,-08:00,2025-02-07T23:35:32-08:00,0,0
style.css,133,css,c3945fff,alexfrederick1,2025-01-25,19:51:09,-08:00,2025-01-25T19:51:09-08:00,0,0
style.css,134,css,ab483f72,alexfrederick1,2025-02-07,23:36:46,-08:00,2025-02-07T23:36:46-08:00,0,0
style.css,135,css,ab483f72,alexfrederick1,2025-02-07,23:36:46,-08:00,2025-02-07T23:36:46-08:00,0,36
style.css,136,css,ab483f72,alexfrederick1,2025-02-07,23:36:46,-08:00,2025-02-07T23:36:46-08:00,0,5
style.css,137,css,ab483f72,alexfrederick1,2025-02-07,23:36:46,-08:00,2025-02-07T23:36:46-08:00,0,25
style.css,138,css,ab483f72,alexfrederick1,2025-02-07,23:36:46,-08:00,2025-02-07T23:36:46-08:00,0,14
style.css,139,css,ab483f72,alexfrederick1,2025-02-07,23:36:46,-08:00,2025-02-07T23:36:46-08:00,0,0
style.css,140,css,ab483f72,alexfrederick1,2025-02-07,23:36:46,-08:00,2025-02-07T23:36:46-08:00,0,0
style.css,141,css,ab483f72,alexfrederick1,2025-02-07,23:36:46,-08:00,2025-02-07T23:36:46-08:00,0,0
style.css,142,css,ab483f72,alexfrederick1,2025-02-07,23:36:46,-08:00,2025-02-07T23:36:46-08:00,0,4
style.css,143,css,ab483f72,alexfrederick1,2025-02-07,23:36:46,-08:00,2025-02-07T23:36:46-08:00,0,22
style.css,144,css,ab483f72,alexfrederick1,2025-02-07,23:36:46,-08:00,2025-02-07T23:36:46-08:00,0,0
style.css,145,css,ab483f72,alexfrederick1,2025-02-07,23:36:46,-08:00,2025-02-07T23:36:46-08:00,0,0
style.css,146,css,ab483f72,alexfrederick1,2025-02-07,23:36:46,-08:00,2025-02-07T23:36:46-08:00,0,0
style.css,147,css,ab483f72,alexfrederick1,2025-02-07,23:36:46,-08:00,2025-02-07T23:36:46-08:00,0,6
style.css,148,css,ab483f72,alexfrederick1,2025-02-07,23:36:46,-08:00,2025-02-07T23:36:46-08:00,0,40
style.css,149,css,ab483f72,alexfrederick1,2025-02-07,23:36:46,-08:00,2025-02-07T23:36:46-08:00,0,0
style.css,150,css,ab483f72,alexfrederick1,2025-02-07,23:36:46,-08:00,2025-02-07T23:36:46-08:00,0,0
style.css,151,css,ab483f72,alexfrederick1,2025-02-07,23:36:46,-08:00,2025-02-07T23:36:46-08:00,0,0
style.css,152,css,ab483f72,alexfrederick1,2025-02-07,23:36:46,-08:00,2025-02-07T23:36:46-08:00,0,12
style.css,153,css,ab483f72,alexfrederick1,2025-02-07,23:36:46,-08:00,2025-02-07T23:36:46-08:00,0,70
style.css,154,css,ab483f72,alexfrederick1,2025-02-07,23:36:46,-08:00,2025-02-07T23:36:46-08:00,0,0
style.css,155,css,c3945fff,alexfrederick1,2025-01-25,19:51:09,-08:00,2025-01-25T19:51:09-08:00,0,0
style.css,156,css,c3945fff,alexfrederick1,2025-01-25,19:51:09,-08:00,2025-01-25T19:51:09-08:00,0,0
style.css,157,css,ab483f72,alexfrederick1,2025-02-07,23:36:46,-08:00,2025-02-07T23:36:46-08:00,0,14
style.css,158,css,ab483f72,alexfrederick1,2025-02-07,23:36:46,-08:00,2025-02-07T23:36:46-08:00,0,18
style.css,159,css,ab483f72,alexfrederick1,2025-02-07,23:36:46,-08:00,2025-02-07T23:36:46-08:00,0,9
style.css,160,css,ab483f72,alexfrederick1,2025-02-07,23:36:46,-08:00,2025-02-07T23:36:46-08:00,0,11
style.css,161,css,ab483f72,alexfrederick1,2025-02-07,23:36:46,-08:00,2025-02-07T23:36:46-08:00,0,17
style.css,162,css,ab483f72,alexfrederick1,2025-02-07,23:36:46,-08:00,2025-02-07T23:36:46-08:00,0,20
style.css,163,css,ab483f72,alexfrederick1,2025-02-07,23:36:46,-08:00,2025-02-07T23:36:46-08:00,0,29
style.css,164,css,ab483f72,alexfrederick1,2025-02-07,23:36:46,-08:00,2025-02-07T23:36:46-08:00,0,14
style.css,165,css,c3945fff,alexfrederick1,2025-01-25,19:51:09,-08:00,2025-01-25T19:51:09-08:00,0,0
style.css,166,css,c3945fff,alexfrederick1,2025-01-25,19:51:09,-08:00,2025-01-25T19:51:09-08:00,0,0
style.css,167,css,ab483f72,alexfrederick1,2025-02-07,23:36:46,-08:00,2025-02-07T23:36:46-08:00,0,21
style.css,168,css,ab483f72,alexfrederick1,2025-02-07,23:36:46,-08:00,2025-02-07T23:36:46-08:00,0,18
style.css,169,css,ab483f72,alexfrederick1,2025-02-07,23:36:46,-08:00,2025-02-07T23:36:46-08:00,0,29
style.css,170,css,ab483f72,alexfrederick1,2025-02-07,23:36:46,-08:00,2025-02-07T23:36:46-08:00,0,14
style.css,171,css,ab483f72,alexfrederick1,2025-02-07,23:36:46,-08:00,2025-02-07T23:36:46-08:00,0,12
style.css,172,css,c3945fff,alexfrederick1,2025-01-25,19:51:09,-08:00,2025-01-25T19:51:09-08:00,0,0
style.css,173,css,5466371d,alexfrederick1,2025-02-07,14:18:05,-08:00,2025-02-07T14:18:05-08:00,0,0
style.css,174,css,5466371d,alexfrederick1,2025-02-07,14:18:05,-08:00,2025-02-07T14:18:05-08:00,0,19
style.css,175,css,5466371d,alexfrederick1,2025-02-07,14:18:05,-08:00,2025-02-07T14:18:05-08:00,0,15
style.css,176,css,5466371d,alexfrederick1,2025-02-07,14:18:05,-08:00,2025-02-07T14:18:05-08:00,0,17
style.css,177,css,ab483f72,alexfrederick1,2025-02-07,23:36:46,-08:00,2025-02-07T23:36:46-08:00,0,0
style.css,178,css,5466371d,alexfrederick1,2025-02-07,14:18:05,-08:00,2025-02-07T14:18:05-08:00,0,17
style.css,179,css,8848d277,alexfrederick1,2025-02-07,14:47:32,-08:00,2025-02-07T14:47:32-08:00,0,0
style.css,180,css,8848d277,alexfrederick1,2025-02-07,14:47:32,-08:00,2025-02-07T14:47:32-08:00,0,0
style.css,181,css,8848d277,alexfrederick1,2025-02-07,14:47:32,-08:00,2025-02-07T14:47:32-08:00,0,8
style.css,182,css,8848d277,alexfrederick1,2025-02-07,14:47:32,-08:00,2025-02-07T14:47:32-08:00,0,13
style.css,183,css,8848d277,alexfrederick1,2025-02-07,14:47:32,-08:00,2025-02-07T14:47:32-08:00,0,58
style.css,184,css,ab483f72,alexfrederick1,2025-02-07,23:36:46,-08:00,2025-02-07T23:36:46-08:00,0,8
style.css,185,css,ab483f72,alexfrederick1,2025-02-07,23:36:46,-08:00,2025-02-07T23:36:46-08:00,0,13
style.css,186,css,ab483f72,alexfrederick1,2025-02-07,23:36:46,-08:00,2025-02-07T23:36:46-08:00,0,22
style.css,187,css,ab483f72,alexfrederick1,2025-02-07,23:36:46,-08:00,2025-02-07T23:36:46-08:00,0,16
style.css,188,css,8848d277,alexfrederick1,2025-02-07,14:47:32,-08:00,2025-02-07T14:47:32-08:00,0,0
style.css,189,css,8848d277,alexfrederick1,2025-02-07,14:47:32,-08:00,2025-02-07T14:47:32-08:00,0,0
style.css,190,css,ab483f72,alexfrederick1,2025-02-07,23:36:46,-08:00,2025-02-07T23:36:46-08:00,0,11
style.css,191,css,8848d277,alexfrederick1,2025-02-07,14:47:32,-08:00,2025-02-07T14:47:32-08:00,0,13
style.css,192,css,8848d277,alexfrederick1,2025-02-07,14:47:32,-08:00,2025-02-07T14:47:32-08:00,0,19
style.css,193,css,ab483f72,alexfrederick1,2025-02-07,23:36:46,-08:00,2025-02-07T23:36:46-08:00,0,9
style.css,194,css,8848d277,alexfrederick1,2025-02-07,14:47:32,-08:00,2025-02-07T14:47:32-08:00,0,0
style.css,195,css,8848d277,alexfrederick1,2025-02-07,14:47:32,-08:00,2025-02-07T14:47:32-08:00,0,0
style.css,196,css,8848d277,alexfrederick1,2025-02-07,14:47:32,-08:00,2025-02-07T14:47:32-08:00,0,8
style.css,197,css,ab483f72,alexfrederick1,2025-02-07,23:36:46,-08:00,2025-02-07T23:36:46-08:00,0,11
style.css,198,css,ab483f72,alexfrederick1,2025-02-07,23:36:46,-08:00,2025-02-07T23:36:46-08:00,0,12
style.css,199,css,ab483f72,alexfrederick1,2025-02-07,23:36:46,-08:00,2025-02-07T23:36:46-08:00,0,21
style.css,200,css,0dbc52e5,alexfrederick1,2025-02-07,23:35:32,-08:00,2025-02-07T23:35:32-08:00,0,30
style.css,201,css,ab483f72,alexfrederick1,2025-02-07,23:36:46,-08:00,2025-02-07T23:36:46-08:00,0,18
style.css,202,css,8848d277,alexfrederick1,2025-02-07,14:47:32,-08:00,2025-02-07T14:47:32-08:00,0,0
style.css,203,css,8848d277,alexfrederick1,2025-02-07,14:47:32,-08:00,2025-02-07T14:47:32-08:00,0,0
style.css,204,css,ab483f72,alexfrederick1,2025-02-07,23:36:46,-08:00,2025-02-07T23:36:46-08:00,0,11
style.css,205,css,ab483f72,alexfrederick1,2025-02-07,23:36:46,-08:00,2025-02-07T23:36:46-08:00,0,13
style.css,206,css,ab483f72,alexfrederick1,2025-02-07,23:36:46,-08:00,2025-02-07T23:36:46-08:00,0,19
style.css,207,css,ab483f72,alexfrederick1,2025-02-07,23:36:46,-08:00,2025-02-07T23:36:46-08:00,0,9
style.css,208,css,8848d277,alexfrederick1,2025-02-07,14:47:32,-08:00,2025-02-07T14:47:32-08:00,0,0
style.css,209,css,297600d8,alexfrederick1,2025-02-07,18:22:15,-08:00,2025-02-07T18:22:15-08:00,0,0
style.css,210,css,297600d8,alexfrederick1,2025-02-07,18:22:15,-08:00,2025-02-07T18:22:15-08:00,0,18
style.css,211,css,297600d8,alexfrederick1,2025-02-07,18:22:15,-08:00,2025-02-07T18:22:15-08:00,0,17
style.css,212,css,297600d8,alexfrederick1,2025-02-07,18:22:15,-08:00,2025-02-07T18:22:15-08:00,0,12
style.css,213,css,297600d8,alexfrederick1,2025-02-07,18:22:15,-08:00,2025-02-07T18:22:15-08:00,0,0
style.css,214,css,ab483f72,alexfrederick1,2025-02-07,23:36:46,-08:00,2025-02-07T23:36:46-08:00,0,0
style.css,215,css,ab483f72,alexfrederick1,2025-02-07,23:36:46,-08:00,2025-02-07T23:36:46-08:00,0,0
style.css,216,css,ab483f72,alexfrederick1,2025-02-07,23:36:46,-08:00,2025-02-07T23:36:46-08:00,0,5
style.css,217,css,ab483f72,alexfrederick1,2025-02-07,23:36:46,-08:00,2025-02-07T23:36:46-08:00,0,17
style.css,218,css,ab483f72,alexfrederick1,2025-02-07,23:36:46,-08:00,2025-02-07T23:36:46-08:00,0,15
style.css,219,css,297600d8,alexfrederick1,2025-02-07,18:22:15,-08:00,2025-02-07T18:22:15-08:00,0,0
style.css,220,css,297600d8,alexfrederick1,2025-02-07,18:22:15,-08:00,2025-02-07T18:22:15-08:00,0,0
style.css,221,css,297600d8,alexfrederick1,2025-02-07,18:22:15,-08:00,2025-02-07T18:22:15-08:00,0,0
style.css,222,css,297600d8,alexfrederick1,2025-02-07,18:22:15,-08:00,2025-02-07T18:22:15-08:00,0,10
style.css,223,css,297600d8,alexfrederick1,2025-02-07,18:22:15,-08:00,2025-02-07T18:22:15-08:00,0,36
style.css,224,css,297600d8,alexfrederick1,2025-02-07,18:22:15,-08:00,2025-02-07T18:22:15-08:00,0,0
style.css,225,css,297600d8,alexfrederick1,2025-02-07,18:22:15,-08:00,2025-02-07T18:22:15-08:00,0,11
style.css,226,css,297600d8,alexfrederick1,2025-02-07,18:22:15,-08:00,2025-02-07T18:22:15-08:00,0,18
style.css,227,css,297600d8,alexfrederick1,2025-02-07,18:22:15,-08:00,2025-02-07T18:22:15-08:00,0,0
style.css,228,css,297600d8,alexfrederick1,2025-02-07,18:22:15,-08:00,2025-02-07T18:22:15-08:00,0,0
style.css,229,css,42e0819d,alexfrederick1,2025-02-07,20:42:04,-08:00,2025-02-07T20:42:04-08:00,0,0
style.css,230,css,ab483f72,alexfrederick1,2025-02-07,23:36:46,-08:00,2025-02-07T23:36:46-08:00,0,19
style.css,231,css,ab483f72,alexfrederick1,2025-02-07,23:36:46,-08:00,2025-02-07T23:36:46-08:00,0,15
style.css,232,css,ab483f72,alexfrederick1,2025-02-07,23:36:46,-08:00,2025-02-07T23:36:46-08:00,0,17
style.css,233,css,ab483f72,alexfrederick1,2025-02-07,23:36:46,-08:00,2025-02-07T23:36:46-08:00,0,17
style.css,234,css,ab483f72,alexfrederick1,2025-02-07,23:36:46,-08:00,2025-02-07T23:36:46-08:00,0,13
style.css,235,css,1923507f,alexfrederick1,2025-02-07,23:43:02,-08:00,2025-02-07T23:43:02-08:00,0,23
style.css,236,css,ab483f72,alexfrederick1,2025-02-07,23:36:46,-08:00,2025-02-07T23:36:46-08:00,0,0
style.css,237,css,ab483f72,alexfrederick1,2025-02-07,23:36:46,-08:00,2025-02-07T23:36:46-08:00,0,0
style.css,238,css,ab483f72,alexfrederick1,2025-02-07,23:36:46,-08:00,2025-02-07T23:36:46-08:00,0,28
style.css,239,css,ab483f72,alexfrederick1,2025-02-07,23:36:46,-08:00,2025-02-07T23:36:46-08:00,0,17
style.css,240,css,42e0819d,alexfrederick1,2025-02-07,20:42:04,-08:00,2025-02-07T20:42:04-08:00,0,15
style.css,241,css,1923507f,alexfrederick1,2025-02-07,23:43:02,-08:00,2025-02-07T23:43:02-08:00,0,13
style.css,242,css,ab483f72,alexfrederick1,2025-02-07,23:36:46,-08:00,2025-02-07T23:36:46-08:00,0,17
style.css,243,css,ab483f72,alexfrederick1,2025-02-07,23:36:46,-08:00,2025-02-07T23:36:46-08:00,0,0
style.css,244,css,ab483f72,alexfrederick1,2025-02-07,23:36:46,-08:00,2025-02-07T23:36:46-08:00,0,0
style.css,245,css,ab483f72,alexfrederick1,2025-02-07,23:36:46,-08:00,2025-02-07T23:36:46-08:00,0,34
style.css,246,css,ab483f72,alexfrederick1,2025-02-07,23:36:46,-08:00,2025-02-07T23:36:46-08:00,0,12
style.css,247,css,ab483f72,alexfrederick1,2025-02-07,23:36:46,-08:00,2025-02-07T23:36:46-08:00,0,0
style.css,248,css,ab483f72,alexfrederick1,2025-02-07,23:36:46,-08:00,2025-02-07T23:36:46-08:00,0,0
style.css,249,css,ab483f72,alexfrederick1,2025-02-07,23:36:46,-08:00,2025-02-07T23:36:46-08:00,0,10
style.css,250,css,1923507f,alexfrederick1,2025-02-07,23:43:02,-08:00,2025-02-07T23:43:02-08:00,0,21
style.css,251,css,ab483f72,alexfrederick1,2025-02-07,23:36:46,-08:00,2025-02-07T23:36:46-08:00,0,13
style.css,252,css,ab483f72,alexfrederick1,2025-02-07,23:36:46,-08:00,2025-02-07T23:36:46-08:00,0,17
style.css,253,css,ab483f72,alexfrederick1,2025-02-07,23:36:46,-08:00,2025-02-07T23:36:46-08:00,0,0
style.css,254,css,ab483f72,alexfrederick1,2025-02-07,23:36:46,-08:00,2025-02-07T23:36:46-08:00,0,0
style.css,255,css,ab483f72,alexfrederick1,2025-02-07,23:36:46,-08:00,2025-02-07T23:36:46-08:00,0,8
style.css,256,css,ab483f72,alexfrederick1,2025-02-07,23:36:46,-08:00,2025-02-07T23:36:46-08:00,0,13
style.css,257,css,ab483f72,alexfrederick1,2025-02-07,23:36:46,-08:00,2025-02-07T23:36:46-08:00,0,58
style.css,258,css,ab483f72,alexfrederick1,2025-02-07,23:36:46,-08:00,2025-02-07T23:36:46-08:00,0,8
style.css,259,css,ab483f72,alexfrederick1,2025-02-07,23:36:46,-08:00,2025-02-07T23:36:46-08:00,0,13
style.css,260,css,ab483f72,alexfrederick1,2025-02-07,23:36:46,-08:00,2025-02-07T23:36:46-08:00,0,22
style.css,261,css,ab483f72,alexfrederick1,2025-02-07,23:36:46,-08:00,2025-02-07T23:36:46-08:00,0,16
style.css,262,css,ab483f72,alexfrederick1,2025-02-07,23:36:46,-08:00,2025-02-07T23:36:46-08:00,0,0
style.css,263,css,ab483f72,alexfrederick1,2025-02-07,23:36:46,-08:00,2025-02-07T23:36:46-08:00,0,0
style.css,264,css,ab483f72,alexfrederick1,2025-02-07,23:36:46,-08:00,2025-02-07T23:36:46-08:00,0,11
style.css,265,css,ab483f72,alexfrederick1,2025-02-07,23:36:46,-08:00,2025-02-07T23:36:46-08:00,0,13
style.css,266,css,ab483f72,alexfrederick1,2025-02-07,23:36:46,-08:00,2025-02-07T23:36:46-08:00,0,19
style.css,267,css,ab483f72,alexfrederick1,2025-02-07,23:36:46,-08:00,2025-02-07T23:36:46-08:00,0,9
style.css,268,css,ab483f72,alexfrederick1,2025-02-07,23:36:46,-08:00,2025-02-07T23:36:46-08:00,0,0
style.css,269,css,ab483f72,alexfrederick1,2025-02-07,23:36:46,-08:00,2025-02-07T23:36:46-08:00,0,0
style.css,270,css,ab483f72,alexfrederick1,2025-02-07,23:36:46,-08:00,2025-02-07T23:36:46-08:00,0,16
style.css,271,css,ab483f72,alexfrederick1,2025-02-07,23:36:46,-08:00,2025-02-07T23:36:46-08:00,0,11
style.css,272,css,ab483f72,alexfrederick1,2025-02-07,23:36:46,-08:00,2025-02-07T23:36:46-08:00,0,12
style.css,273,css,ab483f72,alexfrederick1,2025-02-07,23:36:46,-08:00,2025-02-07T23:36:46-08:00,0,21
style.css,274,css,ab483f72,alexfrederick1,2025-02-07,23:36:46,-08:00,2025-02-07T23:36:46-08:00,0,18
style.css,275,css,1923507f,alexfrederick1,2025-02-07,23:43:02,-08:00,2025-02-07T23:43:02-08:00,0,30
style.css,276,css,ab483f72,alexfrederick1,2025-02-07,23:36:46,-08:00,2025-02-07T23:36:46-08:00,0,0
style.css,277,css,ab483f72,alexfrederick1,2025-02-07,23:36:46,-08:00,2025-02-07T23:36:46-08:00,0,0
style.css,278,css,ab483f72,alexfrederick1,2025-02-07,23:36:46,-08:00,2025-02-07T23:36:46-08:00,0,11
style.css,279,css,ab483f72,alexfrederick1,2025-02-07,23:36:46,-08:00,2025-02-07T23:36:46-08:00,0,13
style.css,280,css,ab483f72,alexfrederick1,2025-02-07,23:36:46,-08:00,2025-02-07T23:36:46-08:00,0,19
style.css,281,css,ab483f72,alexfrederick1,2025-02-07,23:36:46,-08:00,2025-02-07T23:36:46-08:00,0,9
style.css,282,css,42e0819d,alexfrederick1,2025-02-07,20:42:04,-08:00,2025-02-07T20:42:04-08:00,0,0
index.js,1,js,24697bc5,alexfrederick1,2025-02-01,20:40:33,-08:00,2025-02-01T20:40:33-08:00,0,72
index.js,2,js,24697bc5,alexfrederick1,2025-02-01,20:40:33,-08:00,2025-02-01T20:40:33-08:00,0,0
index.js,3,js,24697bc5,alexfrederick1,2025-02-01,20:40:33,-08:00,2025-02-01T20:40:33-08:00,0,55
index.js,4,js,24697bc5,alexfrederick1,2025-02-01,20:40:33,-08:00,2025-02-01T20:40:33-08:00,0,43
index.js,5,js,24697bc5,alexfrederick1,2025-02-01,20:40:33,-08:00,2025-02-01T20:40:33-08:00,0,61
index.js,6,js,24697bc5,alexfrederick1,2025-02-01,20:40:33,-08:00,2025-02-01T20:40:33-08:00,0,55
index.js,7,js,24697bc5,alexfrederick1,2025-02-01,20:40:33,-08:00,2025-02-01T20:40:33-08:00,0,58
index.js,8,js,24697bc5,alexfrederick1,2025-02-01,20:40:33,-08:00,2025-02-01T20:40:33-08:00,0,61
index.js,9,js,24697bc5,alexfrederick1,2025-02-01,20:40:33,-08:00,2025-02-01T20:40:33-08:00,0,0
index.js,10,js,24697bc5,alexfrederick1,2025-02-01,20:40:33,-08:00,2025-02-01T20:40:33-08:00,0,0
index.js,11,js,24697bc5,alexfrederick1,2025-02-01,20:40:33,-08:00,2025-02-01T20:40:33-08:00,0,18
index.js,12,js,24697bc5,alexfrederick1,2025-02-01,20:40:33,-08:00,2025-02-01T20:40:33-08:00,0,25
index.js,13,js,24697bc5,alexfrederick1,2025-02-01,20:40:33,-08:00,2025-02-01T20:40:33-08:00,0,3
index.js,14,js,24697bc5,alexfrederick1,2025-02-01,20:40:33,-08:00,2025-02-01T20:40:33-08:00,0,56
index.js,15,js,24697bc5,alexfrederick1,2025-02-01,20:40:33,-08:00,2025-02-01T20:40:33-08:00,0,56
index.js,16,js,24697bc5,alexfrederick1,2025-02-01,20:40:33,-08:00,2025-02-01T20:40:33-08:00,0,50
index.js,17,js,24697bc5,alexfrederick1,2025-02-01,20:40:33,-08:00,2025-02-01T20:40:33-08:00,0,50
index.js,18,js,24697bc5,alexfrederick1,2025-02-01,20:40:33,-08:00,2025-02-01T20:40:33-08:00,0,4
index.js,19,js,24697bc5,alexfrederick1,2025-02-01,20:40:33,-08:00,2025-02-01T20:40:33-08:00,0,1
index.js,20,js,24697bc5,alexfrederick1,2025-02-01,20:40:33,-08:00,2025-02-01T20:40:33-08:00,0,0
index.html,1,html,c1ddeaf5,alexfrederick1,2025-01-11,15:19:56,-08:00,2025-01-11T15:19:56-08:00,0,14
index.html,2,html,c3945fff,alexfrederick1,2025-01-25,19:51:09,-08:00,2025-01-25T19:51:09-08:00,0,28
index.html,3,html,c1ddeaf5,alexfrederick1,2025-01-11,15:19:56,-08:00,2025-01-11T15:19:56-08:00,0,5
index.html,4,html,c1ddeaf5,alexfrederick1,2025-01-11,15:19:56,-08:00,2025-01-11T15:19:56-08:00,0,21
index.html,5,html,c1ddeaf5,alexfrederick1,2025-01-11,15:19:56,-08:00,2025-01-11T15:19:56-08:00,0,69
index.html,6,html,c1ddeaf5,alexfrederick1,2025-01-11,15:19:56,-08:00,2025-01-11T15:19:56-08:00,0,57
index.html,7,html,64498d0b,alexfrederick1,2025-01-11,15:38:32,-08:00,2025-01-11T15:38:32-08:00,0,39
index.html,8,html,05da0d84,alexfrederick1,2025-01-25,20:25:34,-08:00,2025-01-25T20:25:34-08:00,0,46
index.html,9,html,ec04ccc8,alexfrederick1,2025-02-01,19:59:05,-08:00,2025-02-01T19:59:05-08:00,0,51
index.html,10,html,c1ddeaf5,alexfrederick1,2025-01-11,15:19:56,-08:00,2025-01-11T15:19:56-08:00,0,6
index.html,11,html,c1ddeaf5,alexfrederick1,2025-01-11,15:19:56,-08:00,2025-01-11T15:19:56-08:00,0,5
index.html,12,html,17eb30ab,alexfrederick1,2025-01-11,16:03:12,-08:00,2025-01-11T16:03:12-08:00,0,0
index.html,13,html,0aa4072a,alexfrederick1,2025-02-14,22:37:14,-08:00,2025-02-14T22:37:14-08:00,0,0
index.html,14,html,785ffdd1,alexfrederick1,2025-02-14,22:33:12,-08:00,2025-02-14T22:33:12-08:00,0,0
index.html,15,html,bdc5aeaa,alexfrederick1,2025-01-11,15:32:31,-08:00,2025-01-11T15:32:31-08:00,0,22
index.html,16,html,c1ddeaf5,alexfrederick1,2025-01-11,15:19:56,-08:00,2025-01-11T15:19:56-08:00,0,2
index.html,17,html,c1ddeaf5,alexfrederick1,2025-01-11,15:19:56,-08:00,2025-01-11T15:19:56-08:00,0,130
index.html,18,html,c1ddeaf5,alexfrederick1,2025-01-11,15:19:56,-08:00,2025-01-11T15:19:56-08:00,0,3
index.html,19,html,c3945fff,alexfrederick1,2025-01-25,19:51:09,-08:00,2025-01-25T19:51:09-08:00,0,131
index.html,20,html,ec04ccc8,alexfrederick1,2025-02-01,19:59:05,-08:00,2025-02-01T19:59:05-08:00,0,0
index.html,21,html,ec04ccc8,alexfrederick1,2025-02-01,19:59:05,-08:00,2025-02-01T19:59:05-08:00,0,23
index.html,22,html,ec04ccc8,alexfrederick1,2025-02-01,19:59:05,-08:00,2025-02-01T19:59:05-08:00,0,21
index.html,23,html,ec04ccc8,alexfrederick1,2025-02-01,19:59:05,-08:00,2025-02-01T19:59:05-08:00,0,50
index.html,24,html,ec04ccc8,alexfrederick1,2025-02-01,19:59:05,-08:00,2025-02-01T19:59:05-08:00,0,5
index.html,25,html,ec04ccc8,alexfrederick1,2025-02-01,19:59:05,-08:00,2025-02-01T19:59:05-08:00,0,0
index.html,26,html,5123d84a,alexfrederick1,2025-02-01,20:27:18,-08:00,2025-02-01T20:27:18-08:00,0,28
index.html,27,html,5123d84a,alexfrederick1,2025-02-01,20:27:18,-08:00,2025-02-01T20:27:18-08:00,0,23
index.html,28,html,5123d84a,alexfrederick1,2025-02-01,20:27:18,-08:00,2025-02-01T20:27:18-08:00,0,71
index.html,29,html,5123d84a,alexfrederick1,2025-02-01,20:27:18,-08:00,2025-02-01T20:27:18-08:00,0,5
index.html,30,html,5123d84a,alexfrederick1,2025-02-01,20:27:18,-08:00,2025-02-01T20:27:18-08:00,0,0
index.html,31,html,c1ddeaf5,alexfrederick1,2025-01-11,15:19:56,-08:00,2025-01-11T15:19:56-08:00,0,6
index.html,32,html,785ffdd1,alexfrederick1,2025-02-14,22:33:12,-08:00,2025-02-14T22:33:12-08:00,0,6
global.js,1,js,c3945fff,alexfrederick1,2025-01-25,19:51:09,-08:00,2025-01-25T19:51:09-08:00,0,26
global.js,2,js,c3945fff,alexfrederick1,2025-01-25,19:51:09,-08:00,2025-01-25T19:51:09-08:00,0,0
global.js,3,js,c3945fff,alexfrederick1,2025-01-25,19:51:09,-08:00,2025-01-25T19:51:09-08:00,0,42
global.js,4,js,c3945fff,alexfrederick1,2025-01-25,19:51:09,-08:00,2025-01-25T19:51:09-08:00,0,53
global.js,5,js,c3945fff,alexfrederick1,2025-01-25,19:51:09,-08:00,2025-01-25T19:51:09-08:00,0,0
global.js,6,js,c3945fff,alexfrederick1,2025-01-25,19:51:09,-08:00,2025-01-25T19:51:09-08:00,0,0
global.js,7,js,6d32ce16,alexfrederick1,2025-02-01,22:10:40,-08:00,2025-02-01T22:10:40-08:00,0,12
global.js,8,js,6d32ce16,alexfrederick1,2025-02-01,22:10:40,-08:00,2025-02-01T22:10:40-08:00,0,26
global.js,9,js,6d32ce16,alexfrederick1,2025-02-01,22:10:40,-08:00,2025-02-01T22:10:40-08:00,0,39
global.js,10,js,6d32ce16,alexfrederick1,2025-02-01,22:10:40,-08:00,2025-02-01T22:10:40-08:00,0,37
global.js,11,js,6d32ce16,alexfrederick1,2025-02-01,22:10:40,-08:00,2025-02-01T22:10:40-08:00,0,35
global.js,12,js,0aa4072a,alexfrederick1,2025-02-14,22:37:14,-08:00,2025-02-14T22:37:14-08:00,0,31
global.js,13,js,6d32ce16,alexfrederick1,2025-02-01,22:10:40,-08:00,2025-02-01T22:10:40-08:00,0,71
global.js,14,js,6d32ce16,alexfrederick1,2025-02-01,22:10:40,-08:00,2025-02-01T22:10:40-08:00,0,1
global.js,15,js,6d32ce16,alexfrederick1,2025-02-01,22:10:40,-08:00,2025-02-01T22:10:40-08:00,0,0
global.js,16,js,6d32ce16,alexfrederick1,2025-02-01,22:10:40,-08:00,2025-02-01T22:10:40-08:00,0,71
global.js,17,js,6d32ce16,alexfrederick1,2025-02-01,22:10:40,-08:00,2025-02-01T22:10:40-08:00,0,0
global.js,18,js,6d32ce16,alexfrederick1,2025-02-01,22:10:40,-08:00,2025-02-01T22:10:40-08:00,0,39
global.js,19,js,6d32ce16,alexfrederick1,2025-02-01,22:10:40,-08:00,2025-02-01T22:10:40-08:00,0,26
global.js,20,js,6d32ce16,alexfrederick1,2025-02-01,22:10:40,-08:00,2025-02-01T22:10:40-08:00,0,0
global.js,21,js,6d32ce16,alexfrederick1,2025-02-01,22:10:40,-08:00,2025-02-01T22:10:40-08:00,0,21
global.js,22,js,6d32ce16,alexfrederick1,2025-02-01,22:10:40,-08:00,2025-02-01T22:10:40-08:00,0,15
global.js,23,js,6d32ce16,alexfrederick1,2025-02-01,22:10:40,-08:00,2025-02-01T22:10:40-08:00,0,19
global.js,24,js,6d32ce16,alexfrederick1,2025-02-01,22:10:40,-08:00,2025-02-01T22:10:40-08:00,0,65
global.js,25,js,6d32ce16,alexfrederick1,2025-02-01,22:10:40,-08:00,2025-02-01T22:10:40-08:00,0,35
global.js,26,js,6d32ce16,alexfrederick1,2025-02-01,22:10:40,-08:00,2025-02-01T22:10:40-08:00,0,12
global.js,27,js,6d32ce16,alexfrederick1,2025-02-01,22:10:40,-08:00,2025-02-01T22:10:40-08:00,0,21
global.js,28,js,6d32ce16,alexfrederick1,2025-02-01,22:10:40,-08:00,2025-02-01T22:10:40-08:00,0,66
global.js,29,js,6d32ce16,alexfrederick1,2025-02-01,22:10:40,-08:00,2025-02-01T22:10:40-08:00,0,26
global.js,30,js,6d32ce16,alexfrederick1,2025-02-01,22:10:40,-08:00,2025-02-01T22:10:40-08:00,0,0
global.js,31,js,6d32ce16,alexfrederick1,2025-02-01,22:10:40,-08:00,2025-02-01T22:10:40-08:00,0,30
global.js,32,js,6d32ce16,alexfrederick1,2025-02-01,22:10:40,-08:00,2025-02-01T22:10:40-08:00,0,19
global.js,33,js,c3945fff,alexfrederick1,2025-01-25,19:51:09,-08:00,2025-01-25T19:51:09-08:00,0,0
global.js,34,js,6d32ce16,alexfrederick1,2025-02-01,22:10:40,-08:00,2025-02-01T22:10:40-08:00,0,13
global.js,35,js,6d32ce16,alexfrederick1,2025-02-01,22:10:40,-08:00,2025-02-01T22:10:40-08:00,0,0
global.js,36,js,6d32ce16,alexfrederick1,2025-02-01,22:10:40,-08:00,2025-02-01T22:10:40-08:00,0,0
global.js,37,js,2169a774,alexfrederick1,2025-02-07,12:28:25,-08:00,2025-02-07T12:28:25-08:00,0,32
global.js,38,js,2169a774,alexfrederick1,2025-02-07,12:28:25,-08:00,2025-02-07T12:28:25-08:00,0,12
global.js,39,js,2169a774,alexfrederick1,2025-02-07,12:28:25,-08:00,2025-02-07T12:28:25-08:00,0,0
global.js,40,js,c3945fff,alexfrederick1,2025-01-25,19:51:09,-08:00,2025-01-25T19:51:09-08:00,0,27
global.js,41,js,c3945fff,alexfrederick1,2025-01-25,19:51:09,-08:00,2025-01-25T19:51:09-08:00,0,5
global.js,42,js,c3945fff,alexfrederick1,2025-01-25,19:51:09,-08:00,2025-01-25T19:51:09-08:00,0,27
global.js,43,js,c3945fff,alexfrederick1,2025-01-25,19:51:09,-08:00,2025-01-25T19:51:09-08:00,0,53
global.js,44,js,c3945fff,alexfrederick1,2025-01-25,19:51:09,-08:00,2025-01-25T19:51:09-08:00,0,35
global.js,45,js,c3945fff,alexfrederick1,2025-01-25,19:51:09,-08:00,2025-01-25T19:51:09-08:00,0,33
global.js,46,js,c3945fff,alexfrederick1,2025-01-25,19:51:09,-08:00,2025-01-25T19:51:09-08:00,0,8
global.js,47,js,c3945fff,alexfrederick1,2025-01-25,19:51:09,-08:00,2025-01-25T19:51:09-08:00,0,7
global.js,48,js,c3945fff,alexfrederick1,2025-01-25,19:51:09,-08:00,2025-01-25T19:51:09-08:00,0,0
global.js,49,js,2169a774,alexfrederick1,2025-02-07,12:28:25,-08:00,2025-02-07T12:28:25-08:00,0,1
global.js,50,js,c3945fff,alexfrederick1,2025-01-25,19:51:09,-08:00,2025-01-25T19:51:09-08:00,0,0
global.js,51,js,2169a774,alexfrederick1,2025-02-07,12:28:25,-08:00,2025-02-07T12:28:25-08:00,0,63
global.js,52,js,2169a774,alexfrederick1,2025-02-07,12:28:25,-08:00,2025-02-07T12:28:25-08:00,0,60
global.js,53,js,2169a774,alexfrederick1,2025-02-07,12:28:25,-08:00,2025-02-07T12:28:25-08:00,0,77
global.js,54,js,2169a774,alexfrederick1,2025-02-07,12:28:25,-08:00,2025-02-07T12:28:25-08:00,0,74
global.js,55,js,6d32ce16,alexfrederick1,2025-02-01,22:10:40,-08:00,2025-02-01T22:10:40-08:00,0,0
global.js,56,js,2169a774,alexfrederick1,2025-02-07,12:28:25,-08:00,2025-02-07T12:28:25-08:00,0,37
global.js,57,js,2169a774,alexfrederick1,2025-02-07,12:28:25,-08:00,2025-02-07T12:28:25-08:00,0,71
global.js,58,js,2169a774,alexfrederick1,2025-02-07,12:28:25,-08:00,2025-02-07T12:28:25-08:00,0,48
global.js,59,js,2169a774,alexfrederick1,2025-02-07,12:28:25,-08:00,2025-02-07T12:28:25-08:00,0,0
global.js,60,js,670bd936,alexfrederick1,2025-02-01,19:24:09,-08:00,2025-02-01T19:24:09-08:00,0,0
global.js,61,js,2169a774,alexfrederick1,2025-02-07,12:28:25,-08:00,2025-02-07T12:28:25-08:00,0,57
global.js,62,js,2169a774,alexfrederick1,2025-02-07,12:28:25,-08:00,2025-02-07T12:28:25-08:00,0,78
global.js,63,js,2169a774,alexfrederick1,2025-02-07,12:28:25,-08:00,2025-02-07T12:28:25-08:00,0,45
global.js,64,js,2169a774,alexfrederick1,2025-02-07,12:28:25,-08:00,2025-02-07T12:28:25-08:00,0,58
global.js,65,js,2169a774,alexfrederick1,2025-02-07,12:28:25,-08:00,2025-02-07T12:28:25-08:00,0,2
global.js,66,js,2169a774,alexfrederick1,2025-02-07,12:28:25,-08:00,2025-02-07T12:28:25-08:00,0,0
global.js,67,js,2169a774,alexfrederick1,2025-02-07,12:28:25,-08:00,2025-02-07T12:28:25-08:00,0,37
global.js,68,js,2169a774,alexfrederick1,2025-02-07,12:28:25,-08:00,2025-02-07T12:28:25-08:00,0,4
global.js,69,js,2169a774,alexfrederick1,2025-02-07,12:28:25,-08:00,2025-02-07T12:28:25-08:00,0,33
global.js,70,js,2169a774,alexfrederick1,2025-02-07,12:28:25,-08:00,2025-02-07T12:28:25-08:00,0,18
global.js,71,js,2169a774,alexfrederick1,2025-02-07,12:28:25,-08:00,2025-02-07T12:28:25-08:00,0,67
global.js,72,js,670bd936,alexfrederick1,2025-02-01,19:24:09,-08:00,2025-02-01T19:24:09-08:00,0,0
global.js,73,js,670bd936,alexfrederick1,2025-02-01,19:24:09,-08:00,2025-02-01T19:24:09-08:00,0,34
global.js,74,js,6d32ce16,alexfrederick1,2025-02-01,22:10:40,-08:00,2025-02-01T22:10:40-08:00,0,11
global.js,75,js,2169a774,alexfrederick1,2025-02-07,12:28:25,-08:00,2025-02-07T12:28:25-08:00,0,16
global.js,76,js,2169a774,alexfrederick1,2025-02-07,12:28:25,-08:00,2025-02-07T12:28:25-08:00,0,60
global.js,77,js,670bd936,alexfrederick1,2025-02-01,19:24:09,-08:00,2025-02-01T19:24:09-08:00,0,0
global.js,78,js,2169a774,alexfrederick1,2025-02-07,12:28:25,-08:00,2025-02-07T12:28:25-08:00,0,0
global.js,79,js,670bd936,alexfrederick1,2025-02-01,19:24:09,-08:00,2025-02-01T19:24:09-08:00,0,0
global.js,80,js,2169a774,alexfrederick1,2025-02-07,12:28:25,-08:00,2025-02-07T12:28:25-08:00,0,35
global.js,81,js,2169a774,alexfrederick1,2025-02-07,12:28:25,-08:00,2025-02-07T12:28:25-08:00,0,61
global.js,82,js,2169a774,alexfrederick1,2025-02-07,12:28:25,-08:00,2025-02-07T12:28:25-08:00,0,24
global.js,83,js,2169a774,alexfrederick1,2025-02-07,12:28:25,-08:00,2025-02-07T12:28:25-08:00,0,46
global.js,84,js,2169a774,alexfrederick1,2025-02-07,12:28:25,-08:00,2025-02-07T12:28:25-08:00,0,6
global.js,85,js,670bd936,alexfrederick1,2025-02-01,19:24:09,-08:00,2025-02-01T19:24:09-08:00,0,0
global.js,86,js,2169a774,alexfrederick1,2025-02-07,12:28:25,-08:00,2025-02-07T12:28:25-08:00,0,32
global.js,87,js,670bd936,alexfrederick1,2025-02-01,19:24:09,-08:00,2025-02-01T19:24:09-08:00,0,0
global.js,88,js,2169a774,alexfrederick1,2025-02-07,12:28:25,-08:00,2025-02-07T12:28:25-08:00,0,28
global.js,89,js,2169a774,alexfrederick1,2025-02-07,12:28:25,-08:00,2025-02-07T12:28:25-08:00,0,56
global.js,90,js,2169a774,alexfrederick1,2025-02-07,12:28:25,-08:00,2025-02-07T12:28:25-08:00,0,49
global.js,91,js,2169a774,alexfrederick1,2025-02-07,12:28:25,-08:00,2025-02-07T12:28:25-08:00,0,40
global.js,92,js,2169a774,alexfrederick1,2025-02-07,12:28:25,-08:00,2025-02-07T12:28:25-08:00,0,40
global.js,93,js,670bd936,alexfrederick1,2025-02-01,19:24:09,-08:00,2025-02-01T19:24:09-08:00,0,0
global.js,94,js,2169a774,alexfrederick1,2025-02-07,12:28:25,-08:00,2025-02-07T12:28:25-08:00,0,50
global.js,95,js,2169a774,alexfrederick1,2025-02-07,12:28:25,-08:00,2025-02-07T12:28:25-08:00,0,47
global.js,96,js,2169a774,alexfrederick1,2025-02-07,12:28:25,-08:00,2025-02-07T12:28:25-08:00,0,47
global.js,97,js,2169a774,alexfrederick1,2025-02-07,12:28:25,-08:00,2025-02-07T12:28:25-08:00,0,40
global.js,98,js,670bd936,alexfrederick1,2025-02-01,19:24:09,-08:00,2025-02-01T19:24:09-08:00,0,0
global.js,99,js,2169a774,alexfrederick1,2025-02-07,12:28:25,-08:00,2025-02-07T12:28:25-08:00,0,56
global.js,100,js,2169a774,alexfrederick1,2025-02-07,12:28:25,-08:00,2025-02-07T12:28:25-08:00,0,58
global.js,101,js,2169a774,alexfrederick1,2025-02-07,12:28:25,-08:00,2025-02-07T12:28:25-08:00,0,0
global.js,102,js,2169a774,alexfrederick1,2025-02-07,12:28:25,-08:00,2025-02-07T12:28:25-08:00,0,54
global.js,103,js,2169a774,alexfrederick1,2025-02-07,12:28:25,-08:00,2025-02-07T12:28:25-08:00,0,52
global.js,104,js,2169a774,alexfrederick1,2025-02-07,12:28:25,-08:00,2025-02-07T12:28:25-08:00,0,50
global.js,105,js,2169a774,alexfrederick1,2025-02-07,12:28:25,-08:00,2025-02-07T12:28:25-08:00,0,0
global.js,106,js,2169a774,alexfrederick1,2025-02-07,12:28:25,-08:00,2025-02-07T12:28:25-08:00,0,47
global.js,107,js,2169a774,alexfrederick1,2025-02-07,12:28:25,-08:00,2025-02-07T12:28:25-08:00,0,38
global.js,108,js,2169a774,alexfrederick1,2025-02-07,12:28:25,-08:00,2025-02-07T12:28:25-08:00,0,32
global.js,109,js,2169a774,alexfrederick1,2025-02-07,12:28:25,-08:00,2025-02-07T12:28:25-08:00,0,54
global.js,110,js,2169a774,alexfrederick1,2025-02-07,12:28:25,-08:00,2025-02-07T12:28:25-08:00,0,43
global.js,111,js,2169a774,alexfrederick1,2025-02-07,12:28:25,-08:00,2025-02-07T12:28:25-08:00,0,0
global.js,112,js,2169a774,alexfrederick1,2025-02-07,12:28:25,-08:00,2025-02-07T12:28:25-08:00,0,46
global.js,113,js,2169a774,alexfrederick1,2025-02-07,12:28:25,-08:00,2025-02-07T12:28:25-08:00,0,45
global.js,114,js,2169a774,alexfrederick1,2025-02-07,12:28:25,-08:00,2025-02-07T12:28:25-08:00,0,2
global.js,115,js,2169a774,alexfrederick1,2025-02-07,12:28:25,-08:00,2025-02-07T12:28:25-08:00,0,0
global.js,116,js,6d32ce16,alexfrederick1,2025-02-01,22:10:40,-08:00,2025-02-01T22:10:40-08:00,0,0
global.js,117,js,2169a774,alexfrederick1,2025-02-07,12:28:25,-08:00,2025-02-07T12:28:25-08:00,0,53
global.js,118,js,2169a774,alexfrederick1,2025-02-07,12:28:25,-08:00,2025-02-07T12:28:25-08:00,0,10
global.js,119,js,2169a774,alexfrederick1,2025-02-07,12:28:25,-08:00,2025-02-07T12:28:25-08:00,0,21
global.js,120,js,2169a774,alexfrederick1,2025-02-07,12:28:25,-08:00,2025-02-07T12:28:25-08:00,0,0
global.js,121,js,2169a774,alexfrederick1,2025-02-07,12:28:25,-08:00,2025-02-07T12:28:25-08:00,0,2
global.js,122,js,2169a774,alexfrederick1,2025-02-07,12:28:25,-08:00,2025-02-07T12:28:25-08:00,0,0
global.js,123,js,2169a774,alexfrederick1,2025-02-07,12:28:25,-08:00,2025-02-07T12:28:25-08:00,0,80
global.js,124,js,2169a774,alexfrederick1,2025-02-07,12:28:25,-08:00,2025-02-07T12:28:25-08:00,0,31
global.js,125,js,2169a774,alexfrederick1,2025-02-07,12:28:25,-08:00,2025-02-07T12:28:25-08:00,0,0
global.js,126,js,2169a774,alexfrederick1,2025-02-07,12:28:25,-08:00,2025-02-07T12:28:25-08:00,0,28
global.js,127,js,2169a774,alexfrederick1,2025-02-07,12:28:25,-08:00,2025-02-07T12:28:25-08:00,0,49
global.js,128,js,2169a774,alexfrederick1,2025-02-07,12:28:25,-08:00,2025-02-07T12:28:25-08:00,0,20
global.js,129,js,2169a774,alexfrederick1,2025-02-07,12:28:25,-08:00,2025-02-07T12:28:25-08:00,0,50
global.js,130,js,2169a774,alexfrederick1,2025-02-07,12:28:25,-08:00,2025-02-07T12:28:25-08:00,0,50
global.js,131,js,2169a774,alexfrederick1,2025-02-07,12:28:25,-08:00,2025-02-07T12:28:25-08:00,0,45
global.js,132,js,2169a774,alexfrederick1,2025-02-07,12:28:25,-08:00,2025-02-07T12:28:25-08:00,0,28
global.js,133,js,2169a774,alexfrederick1,2025-02-07,12:28:25,-08:00,2025-02-07T12:28:25-08:00,0,79
global.js,134,js,2169a774,alexfrederick1,2025-02-07,12:28:25,-08:00,2025-02-07T12:28:25-08:00,0,5
global.js,135,js,2169a774,alexfrederick1,2025-02-07,12:28:25,-08:00,2025-02-07T12:28:25-08:00,0,1
global.js,136,js,6d32ce16,alexfrederick1,2025-02-01,22:10:40,-08:00,2025-02-01T22:10:40-08:00,0,37
global.js,137,js,2169a774,alexfrederick1,2025-02-07,12:28:25,-08:00,2025-02-07T12:28:25-08:00,0,0
global.js,138,js,6d32ce16,alexfrederick1,2025-02-01,22:10:40,-08:00,2025-02-01T22:10:40-08:00,0,0
global.js,139,js,6d32ce16,alexfrederick1,2025-02-01,22:10:40,-08:00,2025-02-01T22:10:40-08:00,0,0
global.js,140,js,ec04ccc8,alexfrederick1,2025-02-01,19:59:05,-08:00,2025-02-01T19:59:05-08:00,0,48
global.js,141,js,6d32ce16,alexfrederick1,2025-02-01,22:10:40,-08:00,2025-02-01T22:10:40-08:00,0,60
global.js,142,js,ec04ccc8,alexfrederick1,2025-02-01,19:59:05,-08:00,2025-02-01T19:59:05-08:00,0,0
resume/index.html,1,html,5ff9277e,alexfrederick1,2025-01-11,16:11:26,-08:00,2025-01-11T16:11:26-08:00,0,14
resume/index.html,2,html,5ff9277e,alexfrederick1,2025-01-11,16:11:26,-08:00,2025-01-11T16:11:26-08:00,0,15
resume/index.html,3,html,5ff9277e,alexfrederick1,2025-01-11,16:11:26,-08:00,2025-01-11T16:11:26-08:00,0,5
resume/index.html,4,html,5ff9277e,alexfrederick1,2025-01-11,16:11:26,-08:00,2025-01-11T16:11:26-08:00,0,21
resume/index.html,5,html,5ff9277e,alexfrederick1,2025-01-11,16:11:26,-08:00,2025-01-11T16:11:26-08:00,0,69
resume/index.html,6,html,c3945fff,alexfrederick1,2025-01-25,19:51:09,-08:00,2025-01-25T19:51:09-08:00,0,36
resume/index.html,7,html,06ddde0b,alexfrederick1,2025-01-11,16:28:42,-08:00,2025-01-11T16:28:42-08:00,0,42
resume/index.html,8,html,05da0d84,alexfrederick1,2025-01-25,20:25:34,-08:00,2025-01-25T20:25:34-08:00,0,49
resume/index.html,9,html,5ff9277e,alexfrederick1,2025-01-11,16:11:26,-08:00,2025-01-11T16:11:26-08:00,0,6
resume/index.html,10,html,5ff9277e,alexfrederick1,2025-01-11,16:11:26,-08:00,2025-01-11T16:11:26-08:00,0,5
resume/index.html,11,html,80ae3dc1,alexfrederick1,2025-01-25,20:21:59,-08:00,2025-01-25T20:21:59-08:00,0,0
resume/index.html,12,html,c3945fff,alexfrederick1,2025-01-25,19:51:09,-08:00,2025-01-25T19:51:09-08:00,0,0
resume/index.html,13,html,5ff9277e,alexfrederick1,2025-01-11,16:11:26,-08:00,2025-01-11T16:11:26-08:00,0,7
resume/index.html,14,html,5ff9277e,alexfrederick1,2025-01-11,16:11:26,-08:00,2025-01-11T16:11:26-08:00,0,26
resume/index.html,15,html,5ff9277e,alexfrederick1,2025-01-11,16:11:26,-08:00,2025-01-11T16:11:26-08:00,0,8
resume/index.html,16,html,5ff9277e,alexfrederick1,2025-01-11,16:11:26,-08:00,2025-01-11T16:11:26-08:00,0,0
resume/index.html,17,html,5ff9277e,alexfrederick1,2025-01-11,16:11:26,-08:00,2025-01-11T16:11:26-08:00,0,8
resume/index.html,18,html,5ff9277e,alexfrederick1,2025-01-11,16:11:26,-08:00,2025-01-11T16:11:26-08:00,0,17
resume/index.html,19,html,5ff9277e,alexfrederick1,2025-01-11,16:11:26,-08:00,2025-01-11T16:11:26-08:00,0,184
resume/index.html,20,html,5ff9277e,alexfrederick1,2025-01-11,16:11:26,-08:00,2025-01-11T16:11:26-08:00,0,9
resume/index.html,21,html,5ff9277e,alexfrederick1,2025-01-11,16:11:26,-08:00,2025-01-11T16:11:26-08:00,0,0
resume/index.html,22,html,5ff9277e,alexfrederick1,2025-01-11,16:11:26,-08:00,2025-01-11T16:11:26-08:00,0,8
resume/index.html,23,html,5ff9277e,alexfrederick1,2025-01-11,16:11:26,-08:00,2025-01-11T16:11:26-08:00,0,17
resume/index.html,24,html,5ff9277e,alexfrederick1,2025-01-11,16:11:26,-08:00,2025-01-11T16:11:26-08:00,0,8
resume/index.html,25,html,5ff9277e,alexfrederick1,2025-01-11,16:11:26,-08:00,2025-01-11T16:11:26-08:00,0,43
resume/index.html,26,html,5ff9277e,alexfrederick1,2025-01-11,16:11:26,-08:00,2025-01-11T16:11:26-08:00,0,68
resume/index.html,27,html,5ff9277e,alexfrederick1,2025-01-11,16:11:26,-08:00,2025-01-11T16:11:26-08:00,0,26
resume/index.html,28,html,5ff9277e,alexfrederick1,2025-01-11,16:11:26,-08:00,2025-01-11T16:11:26-08:00,0,3
resume/index.html,29,html,5ff9277e,alexfrederick1,2025-01-11,16:11:26,-08:00,2025-01-11T16:11:26-08:00,0,98
resume/index.html,30,html,5ff9277e,alexfrederick1,2025-01-11,16:11:26,-08:00,2025-01-11T16:11:26-08:00,0,20
resume/index.html,31,html,5ff9277e,alexfrederick1,2025-01-11,16:11:26,-08:00,2025-01-11T16:11:26-08:00,0,4
resume/index.html,32,html,5ff9277e,alexfrederick1,2025-01-11,16:11:26,-08:00,2025-01-11T16:11:26-08:00,0,9
resume/index.html,33,html,5ff9277e,alexfrederick1,2025-01-11,16:11:26,-08:00,2025-01-11T16:11:26-08:00,0,9
resume/index.html,34,html,5ff9277e,alexfrederick1,2025-01-11,16:11:26,-08:00,2025-01-11T16:11:26-08:00,0,0
resume/index.html,35,html,5ff9277e,alexfrederick1,2025-01-11,16:11:26,-08:00,2025-01-11T16:11:26-08:00,0,8
resume/index.html,36,html,5ff9277e,alexfrederick1,2025-01-11,16:11:26,-08:00,2025-01-11T16:11:26-08:00,0,24
resume/index.html,37,html,5ff9277e,alexfrederick1,2025-01-11,16:11:26,-08:00,2025-01-11T16:11:26-08:00,0,3
resume/index.html,38,html,5ff9277e,alexfrederick1,2025-01-11,16:11:26,-08:00,2025-01-11T16:11:26-08:00,0,76
resume/index.html,39,html,5ff9277e,alexfrederick1,2025-01-11,16:11:26,-08:00,2025-01-11T16:11:26-08:00,0,85
resume/index.html,40,html,5ff9277e,alexfrederick1,2025-01-11,16:11:26,-08:00,2025-01-11T16:11:26-08:00,0,53
resume/index.html,41,html,5ff9277e,alexfrederick1,2025-01-11,16:11:26,-08:00,2025-01-11T16:11:26-08:00,0,4
resume/index.html,42,html,5ff9277e,alexfrederick1,2025-01-11,16:11:26,-08:00,2025-01-11T16:11:26-08:00,0,9
resume/index.html,43,html,5ff9277e,alexfrederick1,2025-01-11,16:11:26,-08:00,2025-01-11T16:11:26-08:00,0,0
resume/index.html,44,html,5ff9277e,alexfrederick1,2025-01-11,16:11:26,-08:00,2025-01-11T16:11:26-08:00,0,8
resume/index.html,45,html,5ff9277e,alexfrederick1,2025-01-11,16:11:26,-08:00,2025-01-11T16:11:26-08:00,0,18
resume/index.html,46,html,5ff9277e,alexfrederick1,2025-01-11,16:11:26,-08:00,2025-01-11T16:11:26-08:00,0,8
resume/index.html,47,html,5ff9277e,alexfrederick1,2025-01-11,16:11:26,-08:00,2025-01-11T16:11:26-08:00,0,38
resume/index.html,48,html,5ff9277e,alexfrederick1,2025-01-11,16:11:26,-08:00,2025-01-11T16:11:26-08:00,0,62
resume/index.html,49,html,5ff9277e,alexfrederick1,2025-01-11,16:11:26,-08:00,2025-01-11T16:11:26-08:00,0,69
resume/index.html,50,html,5ff9277e,alexfrederick1,2025-01-11,16:11:26,-08:00,2025-01-11T16:11:26-08:00,0,9
resume/index.html,51,html,5ff9277e,alexfrederick1,2025-01-11,16:11:26,-08:00,2025-01-11T16:11:26-08:00,0,8
resume/index.html,52,html,5ff9277e,alexfrederick1,2025-01-11,16:11:26,-08:00,2025-01-11T16:11:26-08:00,0,45
resume/index.html,53,html,5ff9277e,alexfrederick1,2025-01-11,16:11:26,-08:00,2025-01-11T16:11:26-08:00,0,60
resume/index.html,54,html,5ff9277e,alexfrederick1,2025-01-11,16:11:26,-08:00,2025-01-11T16:11:26-08:00,0,89
resume/index.html,55,html,5ff9277e,alexfrederick1,2025-01-11,16:11:26,-08:00,2025-01-11T16:11:26-08:00,0,9
resume/index.html,56,html,5ff9277e,alexfrederick1,2025-01-11,16:11:26,-08:00,2025-01-11T16:11:26-08:00,0,9
resume/index.html,57,html,5ff9277e,alexfrederick1,2025-01-11,16:11:26,-08:00,2025-01-11T16:11:26-08:00,0,0
resume/index.html,58,html,5ff9277e,alexfrederick1,2025-01-11,16:11:26,-08:00,2025-01-11T16:11:26-08:00,0,8
resume/index.html,59,html,5ff9277e,alexfrederick1,2025-01-11,16:11:26,-08:00,2025-01-11T16:11:26-08:00,0,16
resume/index.html,60,html,5ff9277e,alexfrederick1,2025-01-11,16:11:26,-08:00,2025-01-11T16:11:26-08:00,0,8
resume/index.html,61,html,5ff9277e,alexfrederick1,2025-01-11,16:11:26,-08:00,2025-01-11T16:11:26-08:00,0,43
resume/index.html,62,html,5ff9277e,alexfrederick1,2025-01-11,16:11:26,-08:00,2025-01-11T16:11:26-08:00,0,102
resume/index.html,63,html,5ff9277e,alexfrederick1,2025-01-11,16:11:26,-08:00,2025-01-11T16:11:26-08:00,0,9
resume/index.html,64,html,5ff9277e,alexfrederick1,2025-01-11,16:11:26,-08:00,2025-01-11T16:11:26-08:00,0,8
resume/index.html,65,html,5ff9277e,alexfrederick1,2025-01-11,16:11:26,-08:00,2025-01-11T16:11:26-08:00,0,53
resume/index.html,66,html,5ff9277e,alexfrederick1,2025-01-11,16:11:26,-08:00,2025-01-11T16:11:26-08:00,0,97
resume/index.html,67,html,5ff9277e,alexfrederick1,2025-01-11,16:11:26,-08:00,2025-01-11T16:11:26-08:00,0,9
resume/index.html,68,html,5ff9277e,alexfrederick1,2025-01-11,16:11:26,-08:00,2025-01-11T16:11:26-08:00,0,9
resume/index.html,69,html,5ff9277e,alexfrederick1,2025-01-11,16:11:26,-08:00,2025-01-11T16:11:26-08:00,0,0
resume/index.html,70,html,5ff9277e,alexfrederick1,2025-01-11,16:11:26,-08:00,2025-01-11T16:11:26-08:00,0,7
resume/index.html,71,html,5ff9277e,alexfrederick1,2025-01-11,16:11:26,-08:00,2025-01-11T16:11:26-08:00,0,27
resume/index.html,72,html,5ff9277e,alexfrederick1,2025-01-11,16:11:26,-08:00,2025-01-11T16:11:26-08:00,0,8
resume/index.html,73,html,c3945fff,alexfrederick1,2025-01-25,19:51:09,-08:00,2025-01-25T19:51:09-08:00,0,0
resume/index.html,74,html,c3945fff,alexfrederick1,2025-01-25,19:51:09,-08:00,2025-01-25T19:51:09-08:00,0,49
resume/index.html,75,html,5ff9277e,alexfrederick1,2025-01-11,16:11:26,-08:00,2025-01-11T16:11:26-08:00,0,6
resume/index.html,76,html,5ff9277e,alexfrederick1,2025-01-11,16:11:26,-08:00,2025-01-11T16:11:26-08:00,0,6
projects/projects.js,1,js,12785e86,alexfrederick1,2025-02-07,19:09:09,-08:00,2025-02-07T19:09:09-08:00,0,56
projects/projects.js,2,js,83181e0e,alexfrederick1,2025-02-07,19:10:30,-08:00,2025-02-07T19:10:30-08:00,0,64
projects/projects.js,3,js,670bd936,alexfrederick1,2025-02-01,19:24:09,-08:00,2025-02-01T19:24:09-08:00,0,0
projects/projects.js,4,js,f11dafce,alexfrederick1,2025-02-07,23:39:20,-08:00,2025-02-07T23:39:20-08:00,0,58
projects/projects.js,5,js,c62a2502,alexfrederick1,2025-02-07,20:37:09,-08:00,2025-02-07T20:37:09-08:00,0,31
projects/projects.js,6,js,c62a2502,alexfrederick1,2025-02-07,20:37:09,-08:00,2025-02-07T20:37:09-08:00,0,24
projects/projects.js,7,js,fe32578b,alexfrederick1,2025-02-07,17:27:26,-08:00,2025-02-07T17:27:26-08:00,0,0
projects/projects.js,8,js,e7c2c280,alexfrederick1,2025-02-07,21:02:59,-08:00,2025-02-07T21:02:59-08:00,0,43
projects/projects.js,9,js,c62a2502,alexfrederick1,2025-02-07,20:37:09,-08:00,2025-02-07T20:37:09-08:00,0,61
projects/projects.js,10,js,d9114f2d,alexfrederick1,2025-02-07,20:31:37,-08:00,2025-02-07T20:31:37-08:00,0,63
projects/projects.js,11,js,f09f43f6,alexfrederick1,2025-02-07,21:12:01,-08:00,2025-02-07T21:12:01-08:00,0,56
projects/projects.js,12,js,fe32578b,alexfrederick1,2025-02-07,17:27:26,-08:00,2025-02-07T17:27:26-08:00,0,0
projects/projects.js,13,js,83181e0e,alexfrederick1,2025-02-07,19:10:30,-08:00,2025-02-07T19:10:30-08:00,0,22
projects/projects.js,14,js,9ef64d73,alexfrederick1,2025-02-07,23:47:49,-08:00,2025-02-07T23:47:49-08:00,0,14
projects/projects.js,15,js,12785e86,alexfrederick1,2025-02-07,19:09:09,-08:00,2025-02-07T19:09:09-08:00,0,0
projects/projects.js,16,js,12785e86,alexfrederick1,2025-02-07,19:09:09,-08:00,2025-02-07T19:09:09-08:00,0,39
projects/projects.js,17,js,74a709c8,alexfrederick1,2025-02-07,23:51:42,-08:00,2025-02-07T23:51:42-08:00,0,50
projects/projects.js,18,js,74a709c8,alexfrederick1,2025-02-07,23:51:42,-08:00,2025-02-07T23:51:42-08:00,0,59
projects/projects.js,19,js,74a709c8,alexfrederick1,2025-02-07,23:51:42,-08:00,2025-02-07T23:51:42-08:00,0,6
projects/projects.js,20,js,74a709c8,alexfrederick1,2025-02-07,23:51:42,-08:00,2025-02-07T23:51:42-08:00,0,0
projects/projects.js,21,js,74a709c8,alexfrederick1,2025-02-07,23:51:42,-08:00,2025-02-07T23:51:42-08:00,0,0
projects/projects.js,22,js,f11dafce,alexfrederick1,2025-02-07,23:39:20,-08:00,2025-02-07T23:39:20-08:00,0,29
projects/projects.js,23,js,60a6ba58,alexfrederick1,2025-02-07,19:05:14,-08:00,2025-02-07T19:05:14-08:00,0,13
projects/projects.js,24,js,60a6ba58,alexfrederick1,2025-02-07,19:05:14,-08:00,2025-02-07T19:05:14-08:00,0,15
projects/projects.js,25,js,f11dafce,alexfrederick1,2025-02-07,23:39:20,-08:00,2025-02-07T23:39:20-08:00,0,13
projects/projects.js,26,js,41e4c7ed,alexfrederick1,2025-02-07,17:46:01,-08:00,2025-02-07T17:46:01-08:00,0,1
projects/projects.js,27,js,fe32578b,alexfrederick1,2025-02-07,17:27:26,-08:00,2025-02-07T17:27:26-08:00,0,0
projects/projects.js,28,js,f11dafce,alexfrederick1,2025-02-07,23:39:20,-08:00,2025-02-07T23:39:20-08:00,0,79
projects/projects.js,29,js,f11dafce,alexfrederick1,2025-02-07,23:39:20,-08:00,2025-02-07T23:39:20-08:00,0,60
projects/projects.js,30,js,f11dafce,alexfrederick1,2025-02-07,23:39:20,-08:00,2025-02-07T23:39:20-08:00,0,51
projects/projects.js,31,js,f11dafce,alexfrederick1,2025-02-07,23:39:20,-08:00,2025-02-07T23:39:20-08:00,0,36
projects/projects.js,32,js,f11dafce,alexfrederick1,2025-02-07,23:39:20,-08:00,2025-02-07T23:39:20-08:00,0,46
projects/projects.js,33,js,f11dafce,alexfrederick1,2025-02-07,23:39:20,-08:00,2025-02-07T23:39:20-08:00,0,50
projects/projects.js,34,js,f11dafce,alexfrederick1,2025-02-07,23:39:20,-08:00,2025-02-07T23:39:20-08:00,0,0
projects/projects.js,35,js,c38e38e7,alexfrederick1,2025-02-07,23:49:48,-08:00,2025-02-07T23:49:48-08:00,0,28
projects/projects.js,36,js,74a709c8,alexfrederick1,2025-02-07,23:51:42,-08:00,2025-02-07T23:51:42-08:00,0,17
projects/projects.js,37,js,74a709c8,alexfrederick1,2025-02-07,23:51:42,-08:00,2025-02-07T23:51:42-08:00,0,39
projects/projects.js,38,js,74a709c8,alexfrederick1,2025-02-07,23:51:42,-08:00,2025-02-07T23:51:42-08:00,0,6
projects/projects.js,39,js,74a709c8,alexfrederick1,2025-02-07,23:51:42,-08:00,2025-02-07T23:51:42-08:00,0,0
projects/projects.js,40,js,c38e38e7,alexfrederick1,2025-02-07,23:49:48,-08:00,2025-02-07T23:49:48-08:00,0,0
projects/projects.js,41,js,74a709c8,alexfrederick1,2025-02-07,23:51:42,-08:00,2025-02-07T23:51:42-08:00,0,27
projects/projects.js,42,js,c38e38e7,alexfrederick1,2025-02-07,23:49:48,-08:00,2025-02-07T23:49:48-08:00,0,35
projects/projects.js,43,js,c38e38e7,alexfrederick1,2025-02-07,23:49:48,-08:00,2025-02-07T23:49:48-08:00,0,30
projects/projects.js,44,js,f11dafce,alexfrederick1,2025-02-07,23:39:20,-08:00,2025-02-07T23:39:20-08:00,0,0
projects/projects.js,45,js,f11dafce,alexfrederick1,2025-02-07,23:39:20,-08:00,2025-02-07T23:39:20-08:00,0,25
projects/projects.js,46,js,f11dafce,alexfrederick1,2025-02-07,23:39:20,-08:00,2025-02-07T23:39:20-08:00,0,2
projects/projects.js,47,js,f11dafce,alexfrederick1,2025-02-07,23:39:20,-08:00,2025-02-07T23:39:20-08:00,0,14
projects/projects.js,48,js,f11dafce,alexfrederick1,2025-02-07,23:39:20,-08:00,2025-02-07T23:39:20-08:00,0,14
projects/projects.js,49,js,f11dafce,alexfrederick1,2025-02-07,23:39:20,-08:00,2025-02-07T23:39:20-08:00,0,23
projects/projects.js,50,js,f11dafce,alexfrederick1,2025-02-07,23:39:20,-08:00,2025-02-07T23:39:20-08:00,0,52
projects/projects.js,51,js,f11dafce,alexfrederick1,2025-02-07,23:39:20,-08:00,2025-02-07T23:39:20-08:00,0,19
projects/projects.js,52,js,f11dafce,alexfrederick1,2025-02-07,23:39:20,-08:00,2025-02-07T23:39:20-08:00,0,44
projects/projects.js,53,js,f11dafce,alexfrederick1,2025-02-07,23:39:20,-08:00,2025-02-07T23:39:20-08:00,0,88
projects/projects.js,54,js,f11dafce,alexfrederick1,2025-02-07,23:39:20,-08:00,2025-02-07T23:39:20-08:00,0,89
projects/projects.js,55,js,f11dafce,alexfrederick1,2025-02-07,23:39:20,-08:00,2025-02-07T23:39:20-08:00,0,23
projects/projects.js,56,js,f11dafce,alexfrederick1,2025-02-07,23:39:20,-08:00,2025-02-07T23:39:20-08:00,0,2
projects/projects.js,57,js,f11dafce,alexfrederick1,2025-02-07,23:39:20,-08:00,2025-02-07T23:39:20-08:00,0,2
projects/projects.js,58,js,fef1135b,alexfrederick1,2025-02-07,20:59:03,-08:00,2025-02-07T20:59:03-08:00,0,0
projects/projects.js,59,js,f09f43f6,alexfrederick1,2025-02-07,21:12:01,-08:00,2025-02-07T21:12:01-08:00,0,25
projects/projects.js,60,js,f09f43f6,alexfrederick1,2025-02-07,21:12:01,-08:00,2025-02-07T21:12:01-08:00,0,18
projects/projects.js,61,js,f09f43f6,alexfrederick1,2025-02-07,21:12:01,-08:00,2025-02-07T21:12:01-08:00,0,54
projects/projects.js,62,js,f09f43f6,alexfrederick1,2025-02-07,21:12:01,-08:00,2025-02-07T21:12:01-08:00,0,39
projects/projects.js,63,js,f09f43f6,alexfrederick1,2025-02-07,21:12:01,-08:00,2025-02-07T21:12:01-08:00,0,70
projects/projects.js,64,js,f09f43f6,alexfrederick1,2025-02-07,21:12:01,-08:00,2025-02-07T21:12:01-08:00,0,2
projects/projects.js,65,js,f11dafce,alexfrederick1,2025-02-07,23:39:20,-08:00,2025-02-07T23:39:20-08:00,0,0
projects/projects.js,66,js,fef1135b,alexfrederick1,2025-02-07,20:59:03,-08:00,2025-02-07T20:59:03-08:00,0,0
projects/projects.js,67,js,f11dafce,alexfrederick1,2025-02-07,23:39:20,-08:00,2025-02-07T23:39:20-08:00,0,33
projects/projects.js,68,js,f11dafce,alexfrederick1,2025-02-07,23:39:20,-08:00,2025-02-07T23:39:20-08:00,0,44
projects/projects.js,69,js,f11dafce,alexfrederick1,2025-02-07,23:39:20,-08:00,2025-02-07T23:39:20-08:00,0,9
projects/projects.js,70,js,f11dafce,alexfrederick1,2025-02-07,23:39:20,-08:00,2025-02-07T23:39:20-08:00,0,60
projects/projects.js,71,js,f11dafce,alexfrederick1,2025-02-07,23:39:20,-08:00,2025-02-07T23:39:20-08:00,0,0
projects/projects.js,72,js,f11dafce,alexfrederick1,2025-02-07,23:39:20,-08:00,2025-02-07T23:39:20-08:00,0,57
projects/projects.js,73,js,83181e0e,alexfrederick1,2025-02-07,19:10:30,-08:00,2025-02-07T19:10:30-08:00,0,0
projects/projects.js,74,js,83181e0e,alexfrederick1,2025-02-07,19:10:30,-08:00,2025-02-07T19:10:30-08:00,0,0
projects/projects.js,75,js,f11dafce,alexfrederick1,2025-02-07,23:39:20,-08:00,2025-02-07T23:39:20-08:00,0,57
projects/projects.js,76,js,d9114f2d,alexfrederick1,2025-02-07,20:31:37,-08:00,2025-02-07T20:31:37-08:00,0,49
projects/projects.js,77,js,e7c2c280,alexfrederick1,2025-02-07,21:02:59,-08:00,2025-02-07T21:02:59-08:00,0,24
projects/projects.js,78,js,f09f43f6,alexfrederick1,2025-02-07,21:12:01,-08:00,2025-02-07T21:12:01-08:00,0,0
projects/projects.js,79,js,f09f43f6,alexfrederick1,2025-02-07,21:12:01,-08:00,2025-02-07T21:12:01-08:00,0,49
projects/projects.js,80,js,f11dafce,alexfrederick1,2025-02-07,23:39:20,-08:00,2025-02-07T23:39:20-08:00,0,40
projects/projects.js,81,js,f11dafce,alexfrederick1,2025-02-07,23:39:20,-08:00,2025-02-07T23:39:20-08:00,0,52
projects/projects.js,82,js,f11dafce,alexfrederick1,2025-02-07,23:39:20,-08:00,2025-02-07T23:39:20-08:00,0,62
projects/projects.js,83,js,f11dafce,alexfrederick1,2025-02-07,23:39:20,-08:00,2025-02-07T23:39:20-08:00,0,1
projects/projects.js,84,js,f11dafce,alexfrederick1,2025-02-07,23:39:20,-08:00,2025-02-07T23:39:20-08:00,0,0
projects/projects.js,85,js,f09f43f6,alexfrederick1,2025-02-07,21:12:01,-08:00,2025-02-07T21:12:01-08:00,0,18
projects/projects.js,86,js,f09f43f6,alexfrederick1,2025-02-07,21:12:01,-08:00,2025-02-07T21:12:01-08:00,0,57
projects/projects.js,87,js,f09f43f6,alexfrederick1,2025-02-07,21:12:01,-08:00,2025-02-07T21:12:01-08:00,0,32
projects/projects.js,88,js,f09f43f6,alexfrederick1,2025-02-07,21:12:01,-08:00,2025-02-07T21:12:01-08:00,0,2
projects/index.html,1,html,17eb30ab,alexfrederick1,2025-01-11,16:03:12,-08:00,2025-01-11T16:03:12-08:00,0,14
projects/index.html,2,html,17eb30ab,alexfrederick1,2025-01-11,16:03:12,-08:00,2025-01-11T16:03:12-08:00,0,15
projects/index.html,3,html,17eb30ab,alexfrederick1,2025-01-11,16:03:12,-08:00,2025-01-11T16:03:12-08:00,0,5
projects/index.html,4,html,17eb30ab,alexfrederick1,2025-01-11,16:03:12,-08:00,2025-01-11T16:03:12-08:00,0,21
projects/index.html,5,html,17eb30ab,alexfrederick1,2025-01-11,16:03:12,-08:00,2025-01-11T16:03:12-08:00,0,69
projects/index.html,6,html,17eb30ab,alexfrederick1,2025-01-11,16:03:12,-08:00,2025-01-11T16:03:12-08:00,0,38
projects/index.html,7,html,06ddde0b,alexfrederick1,2025-01-11,16:28:42,-08:00,2025-01-11T16:28:42-08:00,0,42
projects/index.html,8,html,05da0d84,alexfrederick1,2025-01-25,20:25:34,-08:00,2025-01-25T20:25:34-08:00,0,49
projects/index.html,9,html,5123d84a,alexfrederick1,2025-02-01,20:27:18,-08:00,2025-02-01T20:27:18-08:00,0,49
projects/index.html,10,html,5123d84a,alexfrederick1,2025-02-01,20:27:18,-08:00,2025-02-01T20:27:18-08:00,0,48
projects/index.html,11,html,17eb30ab,alexfrederick1,2025-01-11,16:03:12,-08:00,2025-01-11T16:03:12-08:00,0,6
projects/index.html,12,html,17eb30ab,alexfrederick1,2025-01-11,16:03:12,-08:00,2025-01-11T16:03:12-08:00,0,5
projects/index.html,13,html,c3945fff,alexfrederick1,2025-01-25,19:51:09,-08:00,2025-01-25T19:51:09-08:00,0,0
projects/index.html,14,html,5123d84a,alexfrederick1,2025-02-01,20:27:18,-08:00,2025-02-01T20:27:18-08:00,0,9
projects/index.html,15,html,5123d84a,alexfrederick1,2025-02-01,20:27:18,-08:00,2025-02-01T20:27:18-08:00,0,31
projects/index.html,16,html,5123d84a,alexfrederick1,2025-02-01,20:27:18,-08:00,2025-02-01T20:27:18-08:00,0,44
projects/index.html,17,html,5123d84a,alexfrederick1,2025-02-01,20:27:18,-08:00,2025-02-01T20:27:18-08:00,0,42
projects/index.html,18,html,5123d84a,alexfrederick1,2025-02-01,20:27:18,-08:00,2025-02-01T20:27:18-08:00,0,40
projects/index.html,19,html,5123d84a,alexfrederick1,2025-02-01,20:27:18,-08:00,2025-02-01T20:27:18-08:00,0,69
projects/index.html,20,html,5123d84a,alexfrederick1,2025-02-01,20:27:18,-08:00,2025-02-01T20:27:18-08:00,0,11
projects/index.html,21,html,5123d84a,alexfrederick1,2025-02-01,20:27:18,-08:00,2025-02-01T20:27:18-08:00,0,0
projects/index.html,22,html,297600d8,alexfrederick1,2025-02-07,18:22:15,-08:00,2025-02-07T18:22:15-08:00,0,39
projects/index.html,23,html,297600d8,alexfrederick1,2025-02-07,18:22:15,-08:00,2025-02-07T18:22:15-08:00,0,0
projects/index.html,24,html,a426b540,alexfrederick1,2025-02-01,19:36:43,-08:00,2025-02-01T19:36:43-08:00,0,32
projects/index.html,25,html,17eb30ab,alexfrederick1,2025-01-11,16:03:12,-08:00,2025-01-11T16:03:12-08:00,0,35
projects/index.html,26,html,0e343bbe,alexfrederick1,2025-01-18,20:06:31,-08:00,2025-01-18T20:06:31-08:00,0,0
projects/index.html,27,html,7b999fe3,alexfrederick1,2025-02-07,19:16:19,-08:00,2025-02-07T19:16:19-08:00,0,28
projects/index.html,28,html,7b999fe3,alexfrederick1,2025-02-07,19:16:19,-08:00,2025-02-07T19:16:19-08:00,0,53
projects/index.html,29,html,5466371d,alexfrederick1,2025-02-07,14:18:05,-08:00,2025-02-07T14:18:05-08:00,0,69
projects/index.html,30,html,5466371d,alexfrederick1,2025-02-07,14:18:05,-08:00,2025-02-07T14:18:05-08:00,0,5
projects/index.html,31,html,8848d277,alexfrederick1,2025-02-07,14:47:32,-08:00,2025-02-07T14:47:32-08:00,0,0
projects/index.html,32,html,8848d277,alexfrederick1,2025-02-07,14:47:32,-08:00,2025-02-07T14:47:32-08:00,0,23
projects/index.html,33,html,5466371d,alexfrederick1,2025-02-07,14:18:05,-08:00,2025-02-07T14:18:05-08:00,0,5
projects/index.html,34,html,5466371d,alexfrederick1,2025-02-07,14:18:05,-08:00,2025-02-07T14:18:05-08:00,0,0
projects/index.html,35,html,297600d8,alexfrederick1,2025-02-07,18:22:15,-08:00,2025-02-07T18:22:15-08:00,0,0
projects/index.html,36,html,297600d8,alexfrederick1,2025-02-07,18:22:15,-08:00,2025-02-07T18:22:15-08:00,0,5
projects/index.html,37,html,297600d8,alexfrederick1,2025-02-07,18:22:15,-08:00,2025-02-07T18:22:15-08:00,0,16
projects/index.html,38,html,297600d8,alexfrederick1,2025-02-07,18:22:15,-08:00,2025-02-07T18:22:15-08:00,0,12
projects/index.html,39,html,297600d8,alexfrederick1,2025-02-07,18:22:15,-08:00,2025-02-07T18:22:15-08:00,0,27
projects/index.html,40,html,297600d8,alexfrederick1,2025-02-07,18:22:15,-08:00,2025-02-07T18:22:15-08:00,0,32
projects/index.html,41,html,297600d8,alexfrederick1,2025-02-07,18:22:15,-08:00,2025-02-07T18:22:15-08:00,0,1
projects/index.html,42,html,297600d8,alexfrederick1,2025-02-07,18:22:15,-08:00,2025-02-07T18:22:15-08:00,0,0
projects/index.html,43,html,297600d8,alexfrederick1,2025-02-07,18:22:15,-08:00,2025-02-07T18:22:15-08:00,0,22
projects/index.html,44,html,a426b540,alexfrederick1,2025-02-01,19:36:43,-08:00,2025-02-01T19:36:43-08:00,0,8
projects/index.html,45,html,a426b540,alexfrederick1,2025-02-01,19:36:43,-08:00,2025-02-01T19:36:43-08:00,0,23
projects/index.html,46,html,a426b540,alexfrederick1,2025-02-01,19:36:43,-08:00,2025-02-01T19:36:43-08:00,0,86
projects/index.html,47,html,a426b540,alexfrederick1,2025-02-01,19:36:43,-08:00,2025-02-01T19:36:43-08:00,0,101
projects/index.html,48,html,a426b540,alexfrederick1,2025-02-01,19:36:43,-08:00,2025-02-01T19:36:43-08:00,0,9
projects/index.html,49,html,a426b540,alexfrederick1,2025-02-01,19:36:43,-08:00,2025-02-01T19:36:43-08:00,0,8
projects/index.html,50,html,a426b540,alexfrederick1,2025-02-01,19:36:43,-08:00,2025-02-01T19:36:43-08:00,0,23
projects/index.html,51,html,a426b540,alexfrederick1,2025-02-01,19:36:43,-08:00,2025-02-01T19:36:43-08:00,0,86
projects/index.html,52,html,a426b540,alexfrederick1,2025-02-01,19:36:43,-08:00,2025-02-01T19:36:43-08:00,0,101
projects/index.html,53,html,a426b540,alexfrederick1,2025-02-01,19:36:43,-08:00,2025-02-01T19:36:43-08:00,0,9
projects/index.html,54,html,a426b540,alexfrederick1,2025-02-01,19:36:43,-08:00,2025-02-01T19:36:43-08:00,0,8
projects/index.html,55,html,6d27d301,alexfrederick1,2025-02-01,22:38:06,-08:00,2025-02-01T22:38:06-08:00,0,23
projects/index.html,56,html,a426b540,alexfrederick1,2025-02-01,19:36:43,-08:00,2025-02-01T19:36:43-08:00,0,86
projects/index.html,57,html,a426b540,alexfrederick1,2025-02-01,19:36:43,-08:00,2025-02-01T19:36:43-08:00,0,101
projects/index.html,58,html,a426b540,alexfrederick1,2025-02-01,19:36:43,-08:00,2025-02-01T19:36:43-08:00,0,9
projects/index.html,59,html,a426b540,alexfrederick1,2025-02-01,19:36:43,-08:00,2025-02-01T19:36:43-08:00,0,8
projects/index.html,60,html,5466371d,alexfrederick1,2025-02-07,14:18:05,-08:00,2025-02-07T14:18:05-08:00,0,23
projects/index.html,61,html,a426b540,alexfrederick1,2025-02-01,19:36:43,-08:00,2025-02-01T19:36:43-08:00,0,86
projects/index.html,62,html,a426b540,alexfrederick1,2025-02-01,19:36:43,-08:00,2025-02-01T19:36:43-08:00,0,101
projects/index.html,63,html,a426b540,alexfrederick1,2025-02-01,19:36:43,-08:00,2025-02-01T19:36:43-08:00,0,9
projects/index.html,64,html,a426b540,alexfrederick1,2025-02-01,19:36:43,-08:00,2025-02-01T19:36:43-08:00,0,8
projects/index.html,65,html,5466371d,alexfrederick1,2025-02-07,14:18:05,-08:00,2025-02-07T14:18:05-08:00,0,23
projects/index.html,66,html,a426b540,alexfrederick1,2025-02-01,19:36:43,-08:00,2025-02-01T19:36:43-08:00,0,86
projects/index.html,67,html,a426b540,alexfrederick1,2025-02-01,19:36:43,-08:00,2025-02-01T19:36:43-08:00,0,101
projects/index.html,68,html,a426b540,alexfrederick1,2025-02-01,19:36:43,-08:00,2025-02-01T19:36:43-08:00,0,9
projects/index.html,69,html,a426b540,alexfrederick1,2025-02-01,19:36:43,-08:00,2025-02-01T19:36:43-08:00,0,8
projects/index.html,70,html,5466371d,alexfrederick1,2025-02-07,14:18:05,-08:00,2025-02-07T14:18:05-08:00,0,23
projects/index.html,71,html,a426b540,alexfrederick1,2025-02-01,19:36:43,-08:00,2025-02-01T19:36:43-08:00,0,86
projects/index.html,72,html,a426b540,alexfrederick1,2025-02-01,19:36:43,-08:00,2025-02-01T19:36:43-08:00,0,101
projects/index.html,73,html,a426b540,alexfrederick1,2025-02-01,19:36:43,-08:00,2025-02-01T19:36:43-08:00,0,9
projects/index.html,74,html,a426b540,alexfrederick1,2025-02-01,19:36:43,-08:00,2025-02-01T19:36:43-08:00,0,8
projects/index.html,75,html,5466371d,alexfrederick1,2025-02-07,14:18:05,-08:00,2025-02-07T14:18:05-08:00,0,23
projects/index.html,76,html,a426b540,alexfrederick1,2025-02-01,19:36:43,-08:00,2025-02-01T19:36:43-08:00,0,86
projects/index.html,77,html,a426b540,alexfrederick1,2025-02-01,19:36:43,-08:00,2025-02-01T19:36:43-08:00,0,101
projects/index.html,78,html,a426b540,alexfrederick1,2025-02-01,19:36:43,-08:00,2025-02-01T19:36:43-08:00,0,9
projects/index.html,79,html,a426b540,alexfrederick1,2025-02-01,19:36:43,-08:00,2025-02-01T19:36:43-08:00,0,8
projects/index.html,80,html,5466371d,alexfrederick1,2025-02-07,14:18:05,-08:00,2025-02-07T14:18:05-08:00,0,23
projects/index.html,81,html,a426b540,alexfrederick1,2025-02-01,19:36:43,-08:00,2025-02-01T19:36:43-08:00,0,86
projects/index.html,82,html,a426b540,alexfrederick1,2025-02-01,19:36:43,-08:00,2025-02-01T19:36:43-08:00,0,101
projects/index.html,83,html,a426b540,alexfrederick1,2025-02-01,19:36:43,-08:00,2025-02-01T19:36:43-08:00,0,9
projects/index.html,84,html,a426b540,alexfrederick1,2025-02-01,19:36:43,-08:00,2025-02-01T19:36:43-08:00,0,8
projects/index.html,85,html,5466371d,alexfrederick1,2025-02-07,14:18:05,-08:00,2025-02-07T14:18:05-08:00,0,23
projects/index.html,86,html,a426b540,alexfrederick1,2025-02-01,19:36:43,-08:00,2025-02-01T19:36:43-08:00,0,86
projects/index.html,87,html,a426b540,alexfrederick1,2025-02-01,19:36:43,-08:00,2025-02-01T19:36:43-08:00,0,101
projects/index.html,88,html,a426b540,alexfrederick1,2025-02-01,19:36:43,-08:00,2025-02-01T19:36:43-08:00,0,9
projects/index.html,89,html,a426b540,alexfrederick1,2025-02-01,19:36:43,-08:00,2025-02-01T19:36:43-08:00,0,8
projects/index.html,90,html,5466371d,alexfrederick1,2025-02-07,14:18:05,-08:00,2025-02-07T14:18:05-08:00,0,24
projects/index.html,91,html,a426b540,alexfrederick1,2025-02-01,19:36:43,-08:00,2025-02-01T19:36:43-08:00,0,86
projects/index.html,92,html,a426b540,alexfrederick1,2025-02-01,19:36:43,-08:00,2025-02-01T19:36:43-08:00,0,101
projects/index.html,93,html,a426b540,alexfrederick1,2025-02-01,19:36:43,-08:00,2025-02-01T19:36:43-08:00,0,9
projects/index.html,94,html,a426b540,alexfrederick1,2025-02-01,19:36:43,-08:00,2025-02-01T19:36:43-08:00,0,8
projects/index.html,95,html,5466371d,alexfrederick1,2025-02-07,14:18:05,-08:00,2025-02-07T14:18:05-08:00,0,24
projects/index.html,96,html,a426b540,alexfrederick1,2025-02-01,19:36:43,-08:00,2025-02-01T19:36:43-08:00,0,86
projects/index.html,97,html,a426b540,alexfrederick1,2025-02-01,19:36:43,-08:00,2025-02-01T19:36:43-08:00,0,101
projects/index.html,98,html,a426b540,alexfrederick1,2025-02-01,19:36:43,-08:00,2025-02-01T19:36:43-08:00,0,9
projects/index.html,99,html,a426b540,alexfrederick1,2025-02-01,19:36:43,-08:00,2025-02-01T19:36:43-08:00,0,8
projects/index.html,100,html,5466371d,alexfrederick1,2025-02-07,14:18:05,-08:00,2025-02-07T14:18:05-08:00,0,24
projects/index.html,101,html,a426b540,alexfrederick1,2025-02-01,19:36:43,-08:00,2025-02-01T19:36:43-08:00,0,86
projects/index.html,102,html,a426b540,alexfrederick1,2025-02-01,19:36:43,-08:00,2025-02-01T19:36:43-08:00,0,101
projects/index.html,103,html,a426b540,alexfrederick1,2025-02-01,19:36:43,-08:00,2025-02-01T19:36:43-08:00,0,9
projects/index.html,104,html,5123d84a,alexfrederick1,2025-02-01,20:27:18,-08:00,2025-02-01T20:27:18-08:00,0,5
projects/index.html,105,html,17eb30ab,alexfrederick1,2025-01-11,16:03:12,-08:00,2025-01-11T16:03:12-08:00,0,6
projects/index.html,106,html,17eb30ab,alexfrederick1,2025-01-11,16:03:12,-08:00,2025-01-11T16:03:12-08:00,0,6
meta/main.js,1,js,45d8c0fc,alexfrederick1,2025-02-14,22:27:01,-08:00,2025-02-14T22:27:01-08:00,0,13
meta/main.js,2,js,45d8c0fc,alexfrederick1,2025-02-14,22:27:01,-08:00,2025-02-14T22:27:01-08:00,0,16
meta/main.js,3,js,45d8c0fc,alexfrederick1,2025-02-14,22:27:01,-08:00,2025-02-14T22:27:01-08:00,0,0
meta/main.js,4,js,45d8c0fc,alexfrederick1,2025-02-14,22:27:01,-08:00,2025-02-14T22:27:01-08:00,0,20
meta/main.js,5,js,45d8c0fc,alexfrederick1,2025-02-14,22:27:01,-08:00,2025-02-14T22:27:01-08:00,0,45
meta/main.js,6,js,45d8c0fc,alexfrederick1,2025-02-14,22:27:01,-08:00,2025-02-14T22:27:01-08:00,0,17
meta/main.js,7,js,45d8c0fc,alexfrederick1,2025-02-14,22:27:01,-08:00,2025-02-14T22:27:01-08:00,0,20
meta/main.js,8,js,45d8c0fc,alexfrederick1,2025-02-14,22:27:01,-08:00,2025-02-14T22:27:01-08:00,0,18
meta/main.js,9,js,45d8c0fc,alexfrederick1,2025-02-14,22:27:01,-08:00,2025-02-14T22:27:01-08:00,0,2
meta/main.js,10,js,45d8c0fc,alexfrederick1,2025-02-14,22:27:01,-08:00,2025-02-14T22:27:01-08:00,0,0
meta/main.js,11,js,45d8c0fc,alexfrederick1,2025-02-14,22:27:01,-08:00,2025-02-14T22:27:01-08:00,0,0
meta/main.js,12,js,45d8c0fc,alexfrederick1,2025-02-14,22:27:01,-08:00,2025-02-14T22:27:01-08:00,0,30
meta/main.js,13,js,45d8c0fc,alexfrederick1,2025-02-14,22:27:01,-08:00,2025-02-14T22:27:01-08:00,0,10
meta/main.js,14,js,45d8c0fc,alexfrederick1,2025-02-14,22:27:01,-08:00,2025-02-14T22:27:01-08:00,0,59
meta/main.js,15,js,45d8c0fc,alexfrederick1,2025-02-14,22:27:01,-08:00,2025-02-14T22:27:01-08:00,0,56
meta/main.js,16,js,45d8c0fc,alexfrederick1,2025-02-14,22:27:01,-08:00,2025-02-14T22:27:01-08:00,0,1
meta/main.js,17,js,45d8c0fc,alexfrederick1,2025-02-14,22:27:01,-08:00,2025-02-14T22:27:01-08:00,0,0
meta/main.js,18,js,45d8c0fc,alexfrederick1,2025-02-14,22:27:01,-08:00,2025-02-14T22:27:01-08:00,0,0
meta/main.js,19,js,45d8c0fc,alexfrederick1,2025-02-14,22:27:01,-08:00,2025-02-14T22:27:01-08:00,0,28
meta/main.js,20,js,45d8c0fc,alexfrederick1,2025-02-14,22:27:01,-08:00,2025-02-14T22:27:01-08:00,0,66
meta/main.js,21,js,45d8c0fc,alexfrederick1,2025-02-14,22:27:01,-08:00,2025-02-14T22:27:01-08:00,0,0
meta/main.js,22,js,45d8c0fc,alexfrederick1,2025-02-14,22:27:01,-08:00,2025-02-14T22:27:01-08:00,0,68
meta/main.js,23,js,45d8c0fc,alexfrederick1,2025-02-14,22:27:01,-08:00,2025-02-14T22:27:01-08:00,0,33
meta/main.js,24,js,45d8c0fc,alexfrederick1,2025-02-14,22:27:01,-08:00,2025-02-14T22:27:01-08:00,0,0
meta/main.js,25,js,45d8c0fc,alexfrederick1,2025-02-14,22:27:01,-08:00,2025-02-14T22:27:01-08:00,0,37
meta/main.js,26,js,45d8c0fc,alexfrederick1,2025-02-14,22:27:01,-08:00,2025-02-14T22:27:01-08:00,0,36
meta/main.js,27,js,45d8c0fc,alexfrederick1,2025-02-14,22:27:01,-08:00,2025-02-14T22:27:01-08:00,0,0
meta/main.js,28,js,45d8c0fc,alexfrederick1,2025-02-14,22:27:01,-08:00,2025-02-14T22:27:01-08:00,0,45
meta/main.js,29,js,45d8c0fc,alexfrederick1,2025-02-14,22:27:01,-08:00,2025-02-14T22:27:01-08:00,0,37
meta/main.js,30,js,45d8c0fc,alexfrederick1,2025-02-14,22:27:01,-08:00,2025-02-14T22:27:01-08:00,0,34
meta/main.js,31,js,45d8c0fc,alexfrederick1,2025-02-14,22:27:01,-08:00,2025-02-14T22:27:01-08:00,0,0
meta/main.js,32,js,45d8c0fc,alexfrederick1,2025-02-14,22:27:01,-08:00,2025-02-14T22:27:01-08:00,0,43
meta/main.js,33,js,45d8c0fc,alexfrederick1,2025-02-14,22:27:01,-08:00,2025-02-14T22:27:01-08:00,0,37
meta/main.js,34,js,45d8c0fc,alexfrederick1,2025-02-14,22:27:01,-08:00,2025-02-14T22:27:01-08:00,0,30
meta/main.js,35,js,45d8c0fc,alexfrederick1,2025-02-14,22:27:01,-08:00,2025-02-14T22:27:01-08:00,0,0
meta/main.js,36,js,45d8c0fc,alexfrederick1,2025-02-14,22:27:01,-08:00,2025-02-14T22:27:01-08:00,0,44
meta/main.js,37,js,45d8c0fc,alexfrederick1,2025-02-14,22:27:01,-08:00,2025-02-14T22:27:01-08:00,0,37
meta/main.js,38,js,45d8c0fc,alexfrederick1,2025-02-14,22:27:01,-08:00,2025-02-14T22:27:01-08:00,0,41
meta/main.js,39,js,45d8c0fc,alexfrederick1,2025-02-14,22:27:01,-08:00,2025-02-14T22:27:01-08:00,0,0
meta/main.js,40,js,45d8c0fc,alexfrederick1,2025-02-14,22:27:01,-08:00,2025-02-14T22:27:01-08:00,0,31
meta/main.js,41,js,45d8c0fc,alexfrederick1,2025-02-14,22:27:01,-08:00,2025-02-14T22:27:01-08:00,0,4
meta/main.js,42,js,45d8c0fc,alexfrederick1,2025-02-14,22:27:01,-08:00,2025-02-14T22:27:01-08:00,0,13
meta/main.js,43,js,45d8c0fc,alexfrederick1,2025-02-14,22:27:01,-08:00,2025-02-14T22:27:01-08:00,0,66
meta/main.js,44,js,45d8c0fc,alexfrederick1,2025-02-14,22:27:01,-08:00,2025-02-14T22:27:01-08:00,0,1
meta/main.js,45,js,45d8c0fc,alexfrederick1,2025-02-14,22:27:01,-08:00,2025-02-14T22:27:01-08:00,0,59
meta/main.js,46,js,45d8c0fc,alexfrederick1,2025-02-14,22:27:01,-08:00,2025-02-14T22:27:01-08:00,0,53
meta/main.js,47,js,45d8c0fc,alexfrederick1,2025-02-14,22:27:01,-08:00,2025-02-14T22:27:01-08:00,0,31
meta/main.js,48,js,45d8c0fc,alexfrederick1,2025-02-14,22:27:01,-08:00,2025-02-14T22:27:01-08:00,0,0
meta/main.js,49,js,45d8c0fc,alexfrederick1,2025-02-14,22:27:01,-08:00,2025-02-14T22:27:01-08:00,0,0
meta/main.js,50,js,45d8c0fc,alexfrederick1,2025-02-14,22:27:01,-08:00,2025-02-14T22:27:01-08:00,0,10
meta/main.js,51,js,45d8c0fc,alexfrederick1,2025-02-14,22:27:01,-08:00,2025-02-14T22:27:01-08:00,0,0
meta/index.html,1,html,bd63d13e,alexfrederick1,2025-02-11,14:26:46,-08:00,2025-02-11T14:26:46-08:00,0,14
meta/index.html,2,html,bd63d13e,alexfrederick1,2025-02-11,14:26:46,-08:00,2025-02-11T14:26:46-08:00,0,15
meta/index.html,3,html,bd63d13e,alexfrederick1,2025-02-11,14:26:46,-08:00,2025-02-11T14:26:46-08:00,0,5
meta/index.html,4,html,bd63d13e,alexfrederick1,2025-02-11,14:26:46,-08:00,2025-02-11T14:26:46-08:00,0,21
meta/index.html,5,html,bd63d13e,alexfrederick1,2025-02-11,14:26:46,-08:00,2025-02-11T14:26:46-08:00,0,69
meta/index.html,6,html,bd63d13e,alexfrederick1,2025-02-11,14:26:46,-08:00,2025-02-11T14:26:46-08:00,0,18
meta/index.html,7,html,bd63d13e,alexfrederick1,2025-02-11,14:26:46,-08:00,2025-02-11T14:26:46-08:00,0,42
meta/index.html,8,html,45d8c0fc,alexfrederick1,2025-02-14,22:27:01,-08:00,2025-02-14T22:27:01-08:00,0,71
meta/index.html,9,html,45d8c0fc,alexfrederick1,2025-02-14,22:27:01,-08:00,2025-02-14T22:27:01-08:00,0,60
meta/index.html,10,html,bd63d13e,alexfrederick1,2025-02-11,14:26:46,-08:00,2025-02-11T14:26:46-08:00,0,6
meta/index.html,11,html,bd63d13e,alexfrederick1,2025-02-11,14:26:46,-08:00,2025-02-11T14:26:46-08:00,0,5
meta/index.html,12,html,bd63d13e,alexfrederick1,2025-02-11,14:26:46,-08:00,2025-02-11T14:26:46-08:00,0,7
meta/index.html,13,html,bd63d13e,alexfrederick1,2025-02-11,14:26:46,-08:00,2025-02-11T14:26:46-08:00,0,12
meta/index.html,14,html,bd63d13e,alexfrederick1,2025-02-11,14:26:46,-08:00,2025-02-11T14:26:46-08:00,0,8
meta/index.html,15,html,bd63d13e,alexfrederick1,2025-02-11,14:26:46,-08:00,2025-02-11T14:26:46-08:00,0,5
meta/index.html,16,html,bd63d13e,alexfrederick1,2025-02-11,14:26:46,-08:00,2025-02-11T14:26:46-08:00,0,62
meta/index.html,17,html,45d8c0fc,alexfrederick1,2025-02-14,22:27:01,-08:00,2025-02-14T22:27:01-08:00,0,55
meta/index.html,18,html,bd63d13e,alexfrederick1,2025-02-11,14:26:46,-08:00,2025-02-11T14:26:46-08:00,0,6
meta/index.html,19,html,bd63d13e,alexfrederick1,2025-02-11,14:26:46,-08:00,2025-02-11T14:26:46-08:00,0,6
meta/index.html,20,html,bd63d13e,alexfrederick1,2025-02-11,14:26:46,-08:00,2025-02-11T14:26:46-08:00,0,6
contact/index.html,1,html,7cc7fc5f,alexfrederick1,2025-01-11,15:58:51,-08:00,2025-01-11T15:58:51-08:00,0,14
contact/index.html,2,html,7cc7fc5f,alexfrederick1,2025-01-11,15:58:51,-08:00,2025-01-11T15:58:51-08:00,0,15
contact/index.html,3,html,7cc7fc5f,alexfrederick1,2025-01-11,15:58:51,-08:00,2025-01-11T15:58:51-08:00,0,5
contact/index.html,4,html,7cc7fc5f,alexfrederick1,2025-01-11,15:58:51,-08:00,2025-01-11T15:58:51-08:00,0,21
contact/index.html,5,html,7cc7fc5f,alexfrederick1,2025-01-11,15:58:51,-08:00,2025-01-11T15:58:51-08:00,0,69
contact/index.html,6,html,7cc7fc5f,alexfrederick1,2025-01-11,15:58:51,-08:00,2025-01-11T15:58:51-08:00,0,37
contact/index.html,7,html,7cc7fc5f,alexfrederick1,2025-01-11,15:58:51,-08:00,2025-01-11T15:58:51-08:00,0,42
contact/index.html,8,html,05da0d84,alexfrederick1,2025-01-25,20:25:34,-08:00,2025-01-25T20:25:34-08:00,0,49
contact/index.html,9,html,7cc7fc5f,alexfrederick1,2025-01-11,15:58:51,-08:00,2025-01-11T15:58:51-08:00,0,6
contact/index.html,10,html,7cc7fc5f,alexfrederick1,2025-01-11,15:58:51,-08:00,2025-01-11T15:58:51-08:00,0,5
contact/index.html,11,html,80ae3dc1,alexfrederick1,2025-01-25,20:21:59,-08:00,2025-01-25T20:21:59-08:00,0,0
contact/index.html,12,html,c3945fff,alexfrederick1,2025-01-25,19:51:09,-08:00,2025-01-25T19:51:09-08:00,0,0
contact/index.html,13,html,7cc7fc5f,alexfrederick1,2025-01-11,15:58:51,-08:00,2025-01-11T15:58:51-08:00,0,31
contact/index.html,14,html,7cc7fc5f,alexfrederick1,2025-01-11,15:58:51,-08:00,2025-01-11T15:58:51-08:00,0,53
contact/index.html,15,html,7cc7fc5f,alexfrederick1,2025-01-11,15:58:51,-08:00,2025-01-11T15:58:51-08:00,0,0
contact/index.html,16,html,7cc7fc5f,alexfrederick1,2025-01-11,15:58:51,-08:00,2025-01-11T15:58:51-08:00,0,76
contact/index.html,17,html,7cc7fc5f,alexfrederick1,2025-01-11,15:58:51,-08:00,2025-01-11T15:58:51-08:00,0,40
contact/index.html,18,html,7cc7fc5f,alexfrederick1,2025-01-11,15:58:51,-08:00,2025-01-11T15:58:51-08:00,0,60
contact/index.html,19,html,7cc7fc5f,alexfrederick1,2025-01-11,15:58:51,-08:00,2025-01-11T15:58:51-08:00,0,0
contact/index.html,20,html,7cc7fc5f,alexfrederick1,2025-01-11,15:58:51,-08:00,2025-01-11T15:58:51-08:00,0,36
contact/index.html,21,html,7cc7fc5f,alexfrederick1,2025-01-11,15:58:51,-08:00,2025-01-11T15:58:51-08:00,0,63
contact/index.html,22,html,7cc7fc5f,alexfrederick1,2025-01-11,15:58:51,-08:00,2025-01-11T15:58:51-08:00,0,0
contact/index.html,23,html,7cc7fc5f,alexfrederick1,2025-01-11,15:58:51,-08:00,2025-01-11T15:58:51-08:00,0,37
contact/index.html,24,html,3cc00c33,alexfrederick1,2025-01-18,21:53:11,-08:00,2025-01-18T21:53:11-08:00,0,43
contact/index.html,25,html,7cc7fc5f,alexfrederick1,2025-01-11,15:58:51,-08:00,2025-01-11T15:58:51-08:00,0,0
contact/index.html,26,html,7cc7fc5f,alexfrederick1,2025-01-11,15:58:51,-08:00,2025-01-11T15:58:51-08:00,0,28
contact/index.html,27,html,7cc7fc5f,alexfrederick1,2025-01-11,15:58:51,-08:00,2025-01-11T15:58:51-08:00,0,6
contact/index.html,28,html,7cc7fc5f,alexfrederick1,2025-01-11,15:58:51,-08:00,2025-01-11T15:58:51-08:00,0,6
contact/index.html,29,html,7cc7fc5f,alexfrederick1,2025-01-11,15:58:51,-08:00,2025-01-11T15:58:51-08:00,0,6
